acteurRef,axe 1,axe 2,organe,nom,prenom,civ,libelleAbrev,couleurAssociee
PA1008,-15.869776792262725,-7.599801575631015,PO800496,David,Alain,M.,SOC,#DF84B5
PA1206,-7.774611259456329,1.4307324979420737,PO793087,Dupont-Aignan,Nicolas,M.,NI,#8D949A
PA1327,3.5661174349601628,3.323868612557277,PO800508,Forissier,Nicolas,M.,LR,#4565AD
PA1567,-14.682842498144701,-7.775235932640666,PO800496,Guedj,Jérôme,M.,SOC,#DF84B5
PA1592,-0.3063329019759582,0.6024913354716102,PO793087,Habib,David,M.,NI,#8D949A
PA1630,0.3218035912134634,1.9105437055138845,PO800508,Herbillon,Michel,M.,LR,#4565AD
PA1874,-3.05595512270729,4.302305107794052,PO800508,Le Fur,Marc,M.,LR,#4565AD
PA2449,16.514833973016138,-0.4543313765435631,PO800538,Pont,Jean-Pierre,M.,RE,#61468F
PA266788,-3.3821890690887266,-0.8301134560147246,PO800532,Morel-À-L'Huissier,Pierre,M.,LIOT,#F8D434
PA266793,0.76342443607173,5.9007518127765275,PO800508,Bony,Jean-Yves,M.,LR,#4565AD
PA266797,2.825068149524448,5.510236059704699,PO800508,Gosselin,Philippe,M.,LR,#4565AD
PA266808,-1.8440004670219639,1.9845767389910005,PO800508,Rolland,Vincent,M.,LR,#4565AD
PA267042,3.3268507728316887,1.6462720204385428,PO800514,Favennec-Bécot,Yannick,M.,HOR,#32B3CA
PA267306,-10.821685417879307,-4.067053977159248,PO800502,Chassaigne,André,M.,GDR-NUPES,#991414
PA267318,3.857918658542889,0.8580431222334433,PO800538,Grelier,Jean-Carles,M.,RE,#61468F
PA267324,0.8759026393074396,3.0313663759249074,PO800508,Gaultier,Jean-Jacques,M.,LR,#4565AD
PA267336,23.689018642779477,-2.5003265109319517,PO800538,Giraud,Joël,M.,RE,#61468F
PA267429,2.466957145805203,5.321529093634404,PO800508,Cinieri,Dino,M.,LR,#4565AD
PA267766,-2.8579597850191196,-0.48855476990358654,PO800532,Bricout,Guy,M.,LIOT,#F8D434
PA267780,-3.3148825778840285,-1.3680451235961006,PO800514,Firmin Le Bodo,Agnès,Mme,HOR,#32B3CA
PA267794,-2.859212477707876,1.6194029844299103,PO800508,Tabarot,Michèle,Mme,LR,#4565AD
PA267901,-0.28984045875273345,1.6337243666086092,PO800508,Kamardine,Mansour,M.,LR,#4565AD
PA2952,-3.4704527516709147,-0.3318411069614231,PO800532,Warsmann,Jean-Luc,M.,LIOT,#F8D434
PA2960,11.48921834081729,-0.266510014398984,PO800538,Woerth,Éric,M.,RE,#61468F
PA309643,-4.736499776325724,1.0362487869165453,PO793087,Besse,Véronique,Mme,NI,#8D949A
PA330008,-0.9481530822119253,4.522974492980168,PO800508,Breton,Xavier,M.,LR,#4565AD
PA330240,0.683669009722057,3.092951605432949,PO800508,Ciotti,Éric,M.,LR,#4565AD
PA330357,-4.19106864143167,-0.9643904019816976,PO800538,Dussopt,Olivier,M.,RE,#61468F
PA330909,2.8051059236264138,6.928310650521951,PO800508,Descoeur,Vincent,M.,LR,#4565AD
PA331582,10.572188308567704,-0.5893203834496753,PO800484,Vigier,Philippe,M.,DEM,#CE5215
PA331835,8.35133248836378,-1.164487742084746,PO800538,Iborra,Monique,Mme,RE,#61468F
PA332228,9.877755678550539,3.247727049052237,PO800514,Benoit,Thierry,M.,HOR,#32B3CA
PA332523,5.989632468862668,5.687677914726631,PO800508,Dalloz,Marie-Christine,Mme,LR,#4565AD
PA333285,-10.964084292762612,-5.805905826185455,PO800496,Garot,Guillaume,M.,SOC,#DF84B5
PA333421,-4.092305429576169,-1.78325379713932,PO800532,Pancher,Bertrand,M.,LIOT,#F8D434
PA334116,8.940320983091562,0.014244951782307506,PO800538,Maquet,Jacqueline,Mme,RE,#61468F
PA335054,-12.570545469200471,-6.946413829700859,PO800496,Karamanli,Marietta,Mme,SOC,#DF84B5
PA335612,-12.818658217686018,-4.996880798250781,PO800502,Lecoq,Jean-Paul,M.,GDR-NUPES,#991414
PA335999,-9.57372207871068,-5.958976209803075,PO800526,Batho,Delphine,Mme,ECOLO,#77AA79
PA340343,-10.885980781197,-6.205231881239396,PO800496,Saulignac,Hervé,M.,SOC,#DF84B5
PA340643,20.22491540238113,-1.837316527138629,PO800538,Royer-Perreaut,Lionel,M.,RE,#61468F
PA342196,-12.084387073891376,-4.68542128400898,PO800496,Rouaux,Claudia,Mme,SOC,#DF84B5
PA342240,3.23476367799771,5.93685024030656,PO800508,Bourgeaux,Jean-Luc,M.,LR,#4565AD
PA342384,-16.955006478113553,-7.966337762268246,PO800490,Martin,Élisa,Mme,LFI-NUPES,#E42313
PA342415,-13.679185622321459,-11.028399013720534,PO800496,Battistel,Marie-Noëlle,Mme,SOC,#DF84B5
PA344201,-14.525436489400379,-6.9314466090720845,PO800496,Petit,Bertrand,M.,SOC,#DF84B5
PA345722,18.43977510839796,-1.9677405623930313,PO800538,Le Grip,Constance,Mme,RE,#61468F
PA346054,1.5985403732284,5.4035031306065155,PO800508,Maquet,Emmanuel,M.,LR,#4565AD
PA346782,3.285220838002176,5.699732591350408,PO800508,Juvin,Philippe,M.,LR,#4565AD
PA421348,-1.7646218257120787,-0.6169077011411569,PO800514,Villiers,André,M.,HOR,#32B3CA
PA588884,-13.309651268197749,-5.162416332110529,PO800490,Autain,Clémentine,Mme,LFI-NUPES,#E42313
PA605036,2.7232157488218967,1.313581816481371,PO800538,Abad,Damien,M.,RE,#61468F
PA605069,-9.850408410902682,-4.1987880263141415,PO793087,Bricout,Jean-Louis,M.,NI,#8D949A
PA605694,5.734972245408741,-0.41527577300247226,PO793087,Falorni,Olivier,M.,NI,#8D949A
PA605745,-18.84541928880931,-7.49253925359042,PO800502,Sansu,Nicolas,M.,GDR-NUPES,#991414
PA605782,6.163610133247422,-0.9781207047612295,PO800514,Marcangeli,Laurent,M.,HOR,#32B3CA
PA605963,23.133792644524142,-3.0560950934266073,PO800538,Alauzet,Éric,M.,RE,#61468F
PA605991,3.9137010215426455,5.593325498556795,PO800508,Genevard,Annie,Mme,LR,#4565AD
PA606098,2.113260731518994,6.089859684776211,PO800508,Marleix,Olivier,M.,LR,#4565AD
PA606507,13.601926432109018,-0.457897451049755,PO800538,Boudié,Florent,M.,RE,#61468F
PA606639,2.668551021546343,0.5173379136160902,PO800538,Vignal,Patrick,M.,RE,#61468F
PA607090,4.6543266982813405,7.9765777603099455,PO800508,Vigier,Jean-Pierre,M.,LR,#4565AD
PA607193,9.43763578577675,-2.1951713225408764,PO800538,Errante,Sophie,Mme,RE,#61468F
PA607395,12.760431392363996,0.7348875861918328,PO800538,Travert,Stéphane,M.,RE,#61468F
PA607553,-12.491483449640626,-8.173907834394017,PO800496,Potier,Dominique,M.,SOC,#DF84B5
PA607619,-8.364501838432489,-3.418659900038228,PO800532,Molac,Paul,M.,LIOT,#F8D434
PA608016,8.034464892946472,6.490697949189123,PO800508,Louwagie,Véronique,Mme,LR,#4565AD
PA608172,-15.904071654896143,-11.022597190101166,PO800496,Pires Beaune,Christine,Mme,SOC,#DF84B5
PA608416,1.7464872416449162,7.894883278335235,PO800508,Hetzel,Patrick,M.,LR,#4565AD
PA608695,-11.076957659993434,-6.594328552587905,PO800496,Untermaier,Cécile,Mme,SOC,#DF84B5
PA608826,3.619255979987473,5.4231396368315385,PO800508,Duby-Muller,Virginie,Mme,LR,#4565AD
PA609332,-10.590128484166454,-4.38167907302719,PO800496,Faure,Olivier,M.,SOC,#DF84B5
PA609520,1.5145001994014393,-0.8356178995362292,PO800538,Pompili,Barbara,Mme,RE,#61468F
PA609590,-10.07974962578728,-5.177684869765971,PO800496,Rabault,Valérie,Mme,SOC,#DF84B5
PA610002,-18.931685221410817,-11.22031202800387,PO800526,Sas,Eva,Mme,ECOLO,#77AA79
PA610654,-17.70335946012035,-6.220858951099014,PO800490,Nilor,Jean-Philippe,M.,LFI-NUPES,#E42313
PA642695,17.131805183384248,-3.178776253484949,PO800538,Bothorel,Éric,M.,RE,#61468F
PA642764,-8.836823516384701,-2.9540171032788742,PO800496,Aviragnet,Joël,M.,SOC,#DF84B5
PA642788,-4.27339361972756,-0.9914067344177898,PO800538,Véran,Olivier,M.,RE,#61468F
PA642847,1.6500600106598788,8.244314296068023,PO800508,Bazin,Thibault,M.,LR,#4565AD
PA642868,18.614803735425838,-1.293718168611295,PO800514,Christophe,Paul,M.,HOR,#32B3CA
PA642935,-4.237491375478569,-0.6815851750089553,PO800538,Becht,Olivier,M.,RE,#61468F
PA642988,-10.012221177668424,15.707591705579437,PO800520,de Lépinau,Hervé,M.,RN,#35495E
PA643048,1.1376933142920918,-1.840627553700288,PO800538,Lanlo,Virginie,Mme,RE,#61468F
PA643089,-1.8172986360815162,0.8930382106219386,PO800508,Thiériot,Jean-Louis,M.,LR,#4565AD
PA643134,1.1606815586462131,6.368490876697942,PO800508,Valentin,Isabelle,Mme,LR,#4565AD
PA643143,-13.431298184897164,-5.548191347279106,PO800496,Baptiste,Christian,M.,SOC,#DF84B5
PA643157,-13.357866021918483,-6.241494226636464,PO800496,Naillet,Philippe,M.,SOC,#DF84B5
PA643175,13.349220190900235,-3.7730205562660792,PO800538,Dupont,Stella,Mme,RE,#61468F
PA643184,18.77015042672918,-1.4463271725617197,PO800538,Klinkert,Brigitte,Mme,RE,#61468F
PA643192,-17.997452400447123,-11.14227114266805,PO800496,Jourdan,Chantal,Mme,SOC,#DF84B5
PA677483,10.098427188020352,-1.9971970145928808,PO800538,Mazars,Stéphane,M.,RE,#61468F
PA695100,-3.7010316758073127,0.2646314756194396,PO800508,Habib,Meyer,M.,LR,#4565AD
PA712014,16.116993172575917,-0.2699559070247646,PO800538,Ledoux,Vincent,M.,RE,#61468F
PA712015,3.3819523586128817,5.5533602678154965,PO800508,Dive,Julien,M.,LR,#4565AD
PA717161,-4.250963862284916,-0.8250307620728253,PO800538,Borne,Élisabeth,Mme,RE,#61468F
PA717379,29.406895315494605,-4.560989958177406,PO800538,Maillard,Sylvain,M.,RE,#61468F
PA718674,15.936588445245128,-1.69229824101373,PO800538,Givernet,Olga,Mme,RE,#61468F
PA718710,19.575121481688356,-1.8678574036695075,PO800538,Boyer,Pascale,Mme,RE,#61468F
PA718784,-1.3813217705240537,3.135428877037889,PO800508,Pauget,Éric,M.,LR,#4565AD
PA718838,-3.320335124767531,2.546010466344524,PO800508,Brun,Fabrice,M.,LR,#4565AD
PA718850,-0.700995867290316,5.990893007267782,PO800508,Cordier,Pierre,M.,LR,#4565AD
PA718860,-7.217677470015489,-2.501885632753152,PO800490,Taurine,Bénédicte,Mme,LFI-NUPES,#E42313
PA718884,1.1122403194460488,3.2558876966017687,PO800508,Bazin-Malgras,Valérie,Mme,LR,#4565AD
PA718910,9.022050271479856,0.08504877091993858,PO800538,Colomb-Pitollat,Claire,Mme,RE,#61468F
PA718926,-16.62282939403848,-3.13398417021966,PO800502,Dharréville,Pierre,M.,GDR-NUPES,#991414
PA718930,17.29221632101518,-2.5275947700736894,PO800538,Petel,Anne-Laurence,Mme,RE,#61468F
PA718962,15.105631787169278,-1.9758862909674568,PO800538,Zulesi,Jean-Marc,M.,RE,#61468F
PA718978,16.514201564961862,-1.1330798914294362,PO800484,Laqhila,Mohamed,M.,DEM,#CE5215
PA719006,12.847861989935073,-1.7774609976128284,PO800538,Le Vigoureux,Fabrice,M.,RE,#61468F
PA719024,12.912584551761757,-1.3972187305947266,PO800484,Blanchet,Christophe,M.,DEM,#CE5215
PA719032,19.99612826918977,-1.6997740555005474,PO800538,Bouyx,Bertrand,M.,RE,#61468F
PA719052,9.288562169209328,0.8161766532014675,PO800514,Kervran,Loïc,M.,HOR,#32B3CA
PA719072,2.836685973122139,-2.711106936191084,PO800514,Mesnier,Thomas,M.,HOR,#32B3CA
PA719080,16.377498250619986,-3.4350233181351286,PO800538,Marsaud,Sandra,Mme,RE,#61468F
PA719100,12.325413985753336,0.22294619289815681,PO800538,Ardouin,Jean-Philippe,M.,RE,#61468F
PA719108,28.007995977338354,-4.795454390883824,PO800538,Gérard,Raphaël,M.,RE,#61468F
PA719118,11.38827268831868,0.1424561194784802,PO800538,Cormier-Bouligeon,François,M.,RE,#61468F
PA719138,-7.833491669065649,-1.336777577669795,PO800532,Castellani,Michel,M.,LIOT,#F8D434
PA719146,-6.664018395506415,-2.244999213206991,PO800532,Acquaviva,Jean-Félix,M.,LIOT,#F8D434
PA719154,15.944421523975723,-2.088859950826555,PO800538,Martin,Didier,M.,RE,#61468F
PA719186,12.727186420667357,-0.2002469919662142,PO800538,Khattabi,Fadila,Mme,RE,#61468F
PA719190,2.952339188095188,-3.138702630372378,PO800538,Frei,Philippe,M.,RE,#61468F
PA719202,6.9344510787691265,-1.4612770837337974,PO800538,Paris,Didier,M.,RE,#61468F
PA719266,9.472205459165085,-0.9084903367431988,PO800484,Cubertafon,Jean-Pierre,M.,DEM,#CE5215
PA719272,0.7383268960967226,3.1580609105381083,PO800508,Meunier,Frédérique,Mme,LR,#4565AD
PA719286,-8.296006433413153,-1.4882949666714909,PO800532,Colombani,Paul-André,M.,LIOT,#F8D434
PA719294,20.187804372893154,-5.4513960077755845,PO800538,Clapot,Mireille,Mme,RE,#61468F
PA719318,3.736939659107022,7.2454438268493835,PO800508,Anthoine,Emmanuelle,Mme,LR,#4565AD
PA719338,19.002442886060937,-2.5368766881667697,PO800538,Melchior,Graziella,Mme,RE,#61468F
PA719372,20.567640269092717,-2.2945857990269785,PO800538,Kasbarian,Guillaume,M.,RE,#61468F
PA719376,-1.9320922170968826,-0.39230706299156065,PO800538,de Montchalin,Véronique,Mme,RE,#61468F
PA719382,21.73121260639137,-1.2301447515256898,PO800514,Lamirault,Luc,M.,HOR,#32B3CA
PA719388,22.492678037188707,-1.5421234851001815,PO800538,Le Meur,Annaïg,Mme,RE,#61468F
PA719396,7.161504867210433,-0.9134707259395971,PO800514,Larsonneur,Jean-Charles,M.,HOR,#32B3CA
PA719404,11.691515749362004,-0.3416589038449637,PO800538,Le Gac,Didier,M.,RE,#61468F
PA719412,10.40091830164124,-3.006334503861264,PO800538,Le Feur,Sandrine,Mme,RE,#61468F
PA719436,-12.943882289210949,18.45959141150918,PO800520,Meizonnet,Nicolas,M.,RN,#35495E
PA719472,23.492743208067044,-3.477850966110001,PO800538,Cazeneuve,Jean-René,M.,RE,#61468F
PA719488,8.97536051266653,-1.3446320671774694,PO800484,Berta,Philippe,M.,DEM,#CE5215
PA719512,19.67553521507288,-2.2427515332703587,PO800538,Vignon,Corinne,Mme,RE,#61468F
PA719528,10.579294310654468,0.8628517690382517,PO800514,Portarrieu,Jean-François,M.,HOR,#32B3CA
PA719550,21.671958459199537,-2.2513105051711366,PO800538,Tanguy,Liliana,Mme,RE,#61468F
PA719558,16.722116374963075,-2.2197663697048036,PO800484,Balanant,Erwan,M.,DEM,#CE5215
PA719578,-13.905019695352687,-6.1484376062791855,PO800490,Prud'homme,Loïc,M.,LFI-NUPES,#E42313
PA719600,12.318117044823767,-0.03026420143231605,PO800538,Poulliat,Éric,M.,RE,#61468F
PA719608,-0.4816297261401646,22.51952342701744,PO793087,Ménard,Emmanuelle,Mme,NI,#8D949A
PA719624,-3.767211988797218,-1.097864166127565,PO800538,Couillard,Bérangère,Mme,RE,#61468F
PA719632,11.064965611981464,-1.7355021981425265,PO800538,Panonacle,Sophie,Mme,RE,#61468F
PA719640,24.258693503421863,-3.194272340198731,PO800484,Mette,Sophie,Mme,DEM,#CE5215
PA719664,18.23409468759098,-1.7703129199049359,PO800538,Lavergne,Pascal,M.,RE,#61468F
PA719672,15.141840485473864,-1.4129519431957585,PO800538,Sorez,Philippe,M.,RE,#61468F
PA719718,9.843095184162957,-2.351663933925607,PO800538,Maillart-Méhaignerie,Laurence,Mme,RE,#61468F
PA719756,26.859273694566813,-1.5819558464551648,PO800538,Le Nabour,Christine,Mme,RE,#61468F
PA719778,8.770227639558993,0.3947495786481184,PO800514,Jolivet,François,M.,HOR,#32B3CA
PA719798,19.306734248837966,-0.8566527241158333,PO800538,Labaronne,Daniel,M.,RE,#61468F
PA719814,22.702327096267357,-2.0280300652561056,PO800538,Colboc,Fabienne,Mme,RE,#61468F
PA719822,12.598638059853398,-0.43926347245706887,PO800484,Thillaye,Sabine,Mme,DEM,#CE5215
PA719866,17.91317902964185,-2.534201853607784,PO800538,Abadie,Caroline,Mme,RE,#61468F
PA719874,10.912766841773173,1.2369884767930202,PO800484,Jacquier-Laforge,Élodie,Mme,DEM,#CE5215
PA719882,18.052712519678522,-2.2791090518369006,PO800538,Meynier-Millefert,Marjolaine,Mme,RE,#61468F
PA719890,24.540810696353535,-3.271026683013016,PO800538,Brulebois,Danielle,Mme,RE,#61468F
PA719910,15.188515447282795,0.5939377297783945,PO800538,Belhamiti,Mounir,M.,RE,#61468F
PA719914,-0.6850219610796185,-1.4322307953543558,PO800484,Darrieussecq,Geneviève,Mme,DEM,#CE5215
PA719918,4.75963274056012,-0.29940704602417045,PO800484,Lainé,Fabien,M.,DEM,#CE5215
PA719922,9.184853585022756,-2.360998581686681,PO800538,Causse,Lionel,M.,RE,#61468F
PA719930,-13.513124001254988,-9.285847652113397,PO800496,Vallaud,Boris,M.,SOC,#DF84B5
PA719968,-4.181729814479585,0.16770039143735666,PO800508,Bonnet,Sylvie,Mme,LR,#4565AD
PA720006,14.730860671477895,-2.1718035557213327,PO800484,Geismar,Luc,M.,DEM,#CE5215
PA720014,16.374740969932073,-3.4642446477370465,PO800538,Tiegna,Huguette,Mme,RE,#61468F
PA720022,17.370282581872182,-1.7765802338615906,PO800538,Lauzzana,Michel,M.,RE,#61468F
PA720038,21.941729558261866,-2.8499058572107696,PO800484,Josso,Sandrine,Mme,DEM,#CE5215
PA720054,8.872815684306605,-0.29613524620286624,PO800538,Haury,Yannick,M.,RE,#61468F
PA720066,16.043247595769767,-1.4425543177912878,PO800538,Rist,Stéphanie,Mme,RE,#61468F
PA720074,8.658821521949374,-0.3055454977991173,PO800538,Janvier,Caroline,Mme,RE,#61468F
PA720092,-1.6640371739912754,-1.2332759165177696,PO800484,Ramos,Richard,M.,DEM,#CE5215
PA720100,-0.8931581065390155,1.7780207085212563,PO800508,Pradié,Aurélien,M.,LR,#4565AD
PA720138,8.098111453880898,-0.5756620294157462,PO800538,Saint-Paul,Laetitia,Mme,RE,#61468F
PA720146,24.29365516576575,-2.948304926396418,PO800538,Masséglia,Denis,M.,RE,#61468F
PA720154,23.200491907224954,-5.100844393483971,PO800538,Dubré-Chirat,Nicole,Mme,RE,#61468F
PA720162,9.973921207198561,-2.995359487902613,PO800484,Bolo,Philippe,M.,DEM,#CE5215
PA720170,-4.633352368938688,-0.9721515551776588,PO800538,Grandjean,Carole,Mme,RE,#61468F
PA720174,11.765583831653618,-1.2717287070269843,PO800538,Guillemard,Philippe,M.,RE,#61468F
PA720190,11.563935292190036,-0.32809217403150087,PO800538,Sorre,Bertrand,M.,RE,#61468F
PA720222,22.421537232887744,-0.24091087455458454,PO800538,Girardin,Éric,M.,RE,#61468F
PA720230,16.858682153947594,-1.4663477619863146,PO800514,Magnier,Lise,Mme,HOR,#32B3CA
PA720256,14.45481454191557,-1.7938276064770695,PO800484,Bannier,Géraldine,Mme,DEM,#CE5215
PA720286,-19.402574634212606,-8.784518847271794,PO800490,Fiat,Caroline,Mme,LFI-NUPES,#E42313
PA720334,17.312025044743958,-4.103065855953173,PO800484,Pahun,Jimmy,M.,DEM,#CE5215
PA720342,21.002180646034134,-0.7372251349686815,PO800538,Le Peih,Nicole,Mme,RE,#61468F
PA720354,8.489467116171861,0.7618207596024794,PO800538,Jacques,Jean-Michel,M.,RE,#61468F
PA720362,13.720936002542778,-0.5877923640894006,PO800538,Belhaddad,Belkhir,M.,RE,#61468F
PA720370,8.568675167184107,0.3352803429707269,PO800538,Mendes,Ludovic,M.,RE,#61468F
PA720386,1.0467850672015715,7.194912823171489,PO800508,Di Filippo,Fabien,M.,LR,#4565AD
PA720414,14.345677469254356,0.18749745881087068,PO800538,Perrot,Patrice,M.,RE,#61468F
PA720422,-14.48978320732783,-5.894342722652364,PO800490,Quatennens,Adrien,M.,LFI-NUPES,#E42313
PA720430,-20.75433081913281,-8.907961432793977,PO800490,Bernalicis,Ugo,M.,LFI-NUPES,#E42313
PA720446,16.84670557876049,-1.8438337013026054,PO800538,Liso,Brigitte,Mme,RE,#61468F
PA720468,-9.264700085434725,8.522586371483818,PO800520,Chenu,Sébastien,M.,RN,#35495E
PA720480,16.478845315797656,-2.235213367414,PO800538,Parmentier-Lecocq,Charlotte,Mme,RE,#61468F
PA720552,10.158591470563623,-0.2273428485392136,PO800514,Rauch,Isabelle,Mme,HOR,#32B3CA
PA720560,13.795302034920587,-2.3845553868078797,PO800484,Goulet,Perrine,Mme,DEM,#CE5215
PA720586,3.5309326090916757,6.596956884761295,PO800508,Vatin,Pierre,M.,LR,#4565AD
PA720614,-10.226058749466667,9.140845196941019,PO800520,Le Pen,Marine,Mme,RN,#35495E
PA720630,3.218350788017033,9.351387168621386,PO800508,Minot,Maxime,M.,LR,#4565AD
PA720644,-2.9306210416357112,2.8193734139658866,PO800508,Nury,Jérôme,M.,LR,#4565AD
PA720668,-10.051841368739476,10.433245476756708,PO800520,Blairy,Emmanuel,M.,RN,#35495E
PA720684,-0.07160234303529714,3.820278819005946,PO800508,Dumont,Pierre-Henri,M.,LR,#4565AD
PA720692,-9.086933920859995,-3.0725683154858174,PO800502,Roussel,Fabien,M.,GDR-NUPES,#991414
PA720696,-2.811753034189567,-0.03320076256751763,PO800532,Descamps,Béatrice,Mme,LIOT,#F8D434
PA720704,4.033577249516079,1.0283093460749293,PO800484,Vichnievsky,Laurence,Mme,DEM,#CE5215
PA720720,13.769599419255256,-0.2638783088613209,PO800484,Poueyto,Josy,Mme,DEM,#CE5215
PA720728,20.141845193942853,-1.3473825921303164,PO800484,Mattei,Jean-Paul,M.,DEM,#CE5215
PA720754,19.613064506704394,-3.0349922309746677,PO800538,Studer,Bruno,M.,RE,#61468F
PA720764,13.576540876412784,-1.6730373753759518,PO800484,Lasserre,Florence,Mme,DEM,#CE5215
PA720772,16.12648524659894,-2.704941581831581,PO800484,Bru,Vincent,M.,DEM,#CE5215
PA720822,-10.544111974888526,9.73162938357638,PO800520,Bilde,Bruno,M.,RN,#35495E
PA720838,-12.408467804994736,-4.927279478063313,PO800502,Bourouaha,Soumya,Mme,GDR-NUPES,#991414
PA720846,-21.338453045621847,-10.6036891358311,PO800490,Lachaud,Bastien,M.,LFI-NUPES,#E42313
PA720862,17.72499231905949,-1.174214997717613,PO800538,Descrozaille,Frédéric,M.,RE,#61468F
PA720892,-22.151281879646913,-9.660365415112894,PO800490,Panot,Mathilde,Mme,LFI-NUPES,#E42313
PA720900,16.524417420580196,-4.6854021370399295,PO800538,Rilhac,Cécile,Mme,RE,#61468F
PA720908,5.253813886650558,0.3056048903469681,PO800514,Moutchou,Naïma,Mme,HOR,#32B3CA
PA720932,21.432437743382966,-3.0213036604863945,PO800538,Da Silva,Dominique,M.,RE,#61468F
PA720952,-9.089043821116586,-4.220327360508853,PO800526,Taché,Aurélien,M.,ECOLO,#77AA79
PA720960,-6.3618173083253975,-1.0783985338008368,PO800532,Serva,Olivier,M.,LIOT,#F8D434
PA720976,-6.342716293470127,-0.5993501288538043,PO800532,Mathiasin,Max,M.,LIOT,#F8D434
PA720992,-6.972964457953026,-2.2811046085606748,PO800502,William,Jiovanny,M.,GDR-NUPES,#991414
PA721004,10.105914900783349,-0.3393413925220185,PO800538,Lakrafi,Amélia,Mme,RE,#61468F
PA721024,19.85478162200235,-2.229852821130849,PO800538,Genetet,Anne,Mme,RE,#61468F
PA721046,-3.956774843256493,1.8269918809210737,PO800532,Bassire,Nathalie,Mme,LIOT,#F8D434
PA721062,-16.246274403009913,-7.394587354515942,PO800490,Ratenon,Jean-Hugues,M.,LFI-NUPES,#E42313
PA721094,13.442506316390894,-4.299834053950392,PO800538,Dunoyer,Philippe,M.,RE,#61468F
PA721118,-7.670003705324116,-2.2815340199468603,PO800502,Brotherson,Moetai,M.,GDR-NUPES,#991414
PA721150,10.728257855940052,-0.014437121118309165,PO800538,Holroyd,Alexandre,M.,RE,#61468F
PA721158,12.187801252348711,-2.8160970493031865,PO800538,Anglade,Pieyre-Alexandre,M.,RE,#61468F
PA721170,11.976840720642327,-2.123442470215836,PO800538,Vojetta,Stéphane,M.,RE,#61468F
PA721182,16.094177504726442,-1.528406025383088,PO800484,Petit,Frédéric,M.,DEM,#CE5215
PA721202,-16.624938514619124,-6.92693297579677,PO800490,Coquerel,Éric,M.,LFI-NUPES,#E42313
PA721210,-17.95873959486014,-7.137188366305644,PO800490,Corbière,Alexis,M.,LFI-NUPES,#E42313
PA721234,12.046746689623243,-0.1216354929510767,PO800484,Petit,Maud,Mme,DEM,#CE5215
PA721262,6.257254238395809,-0.8202117134141261,PO800538,Vuilletet,Guillaume,M.,RE,#61468F
PA721270,-12.899082392825715,-6.6720748472165905,PO800502,Peu,Stéphane,M.,GDR-NUPES,#991414
PA721296,19.102936604864723,-2.4892329945580096,PO800538,Gouffier Valente,Guillaume,M.,RE,#61468F
PA721314,-2.7954354374422516,0.8756005751434198,PO800508,Schellenberger,Raphaël,M.,LR,#4565AD
PA721328,15.932684444449281,-3.1387596923989634,PO800538,Brugnera,Anne,Mme,RE,#61468F
PA721336,10.029676231507041,1.097191639936291,PO800484,Brocard,Blandine,Mme,DEM,#CE5215
PA721410,1.9466784192892252,6.736009920212161,PO800508,Bonnivard,Émilie,Mme,LR,#4565AD
PA721426,14.29505092587725,-0.0752995216461635,PO800538,Riotton,Véronique,Mme,RE,#61468F
PA721442,-1.7278227035700482,3.0628537471993624,PO800508,Petex,Christelle,Mme,LR,#4565AD
PA721458,15.928980737009663,-1.6523344643433449,PO800538,Roseren,Xavier,M.,RE,#61468F
PA721466,16.391951810143066,-4.303117921331304,PO800538,Le Gendre,Gilles,M.,RE,#61468F
PA721474,2.949179708111366,3.3405865432627526,PO800508,Viry,Stéphane,M.,LR,#4565AD
PA721482,29.1047544932297,-6.092345633615563,PO800538,Valence,David,M.,RE,#61468F
PA721486,-3.26603360417857,1.2985172065503363,PO800532,Naegelen,Christophe,M.,LIOT,#F8D434
PA721522,12.51305838890466,0.8669212263132798,PO800514,Batut,Xavier,M.,HOR,#32B3CA
PA721530,11.65807694250696,-0.7550379638574877,PO800484,Luquet,Aude,Mme,DEM,#CE5215
PA721584,17.978862912519062,-1.0365436820353158,PO800538,Terlier,Jean,M.,RE,#61468F
PA721608,6.864328947300534,0.05006353202667618,PO800484,Bourlanges,Jean-Louis,M.,DEM,#CE5215
PA721632,25.1205466729906,-5.277970733397908,PO800538,Lemoine,Patricia,Mme,RE,#61468F
PA721678,8.276494733286187,-2.50580966430801,PO800538,Reda,Robin,M.,RE,#61468F
PA721710,29.58436129353815,-6.08417303994274,PO800538,Peyron,Michèle,Mme,RE,#61468F
PA721722,16.688036104350065,-0.9767364492048787,PO800538,Ghomi,Hadrien,M.,RE,#61468F
PA721750,15.764459257727342,-1.8153050855335526,PO800538,Calvez,Céline,Mme,RE,#61468F
PA721760,14.848081052524266,-1.4637225231217086,PO800484,Gatel,Maud,Mme,DEM,#CE5215
PA721816,-0.7259253199257744,6.151169002804172,PO800508,Boucard,Ian,M.,LR,#4565AD
PA721828,28.9429664327794,-3.0570143539375154,PO800538,Berete,Fanta,Mme,RE,#61468F
PA721844,24.6909739212625,-4.614943632489745,PO800538,Piron,Béatrice,Mme,RE,#61468F
PA721852,21.698659901524167,-3.8912902745884463,PO800538,Lebec,Marie,Mme,RE,#61468F
PA721880,11.42436780588265,-0.0896775200898461,PO800538,Guévenoux,Marie,Mme,RE,#61468F
PA721896,-14.611229172509466,-8.223576638146335,PO800502,Faucillon,Elsa,Mme,GDR-NUPES,#991414
PA721908,-4.497445630636195,-1.003384399699001,PO800538,Braun-Pivet,Yaël,Mme,RE,#61468F
PA721916,16.681704033067394,-2.0208203260853743,PO800538,Pouzyreff,Natalia,Mme,RE,#61468F
PA721932,-11.937903520447234,16.885536045338977,PO800520,Lorho,Marie-France,Mme,RN,#35495E
PA721960,-19.38926962442155,-9.512582543748554,PO800490,Obono,Danièle,Mme,LFI-NUPES,#E42313
PA721976,19.198590906468944,-2.0179599824663224,PO800484,Millienne,Bruno,M.,DEM,#CE5215
PA721984,3.9881214625058248,1.661397822123886,PO800484,Latombe,Philippe,M.,DEM,#CE5215
PA722000,13.94891956904213,0.17478450973700102,PO800538,Buchou,Stéphane,M.,RE,#61468F
PA722038,19.327585317871293,-3.113495115292164,PO800538,Adam,Damien,M.,RE,#61468F
PA722046,19.100853414300783,-3.1501810484715294,PO800538,Bergé,Aurore,Mme,RE,#61468F
PA722054,13.982802469881072,-3.758427469597099,PO800538,Hai,Nadia,Mme,RE,#61468F
PA722070,5.061334917169965,-0.29038598167347146,PO800538,Henriet,Pierre,M.,RE,#61468F
PA722102,18.013532972106177,-1.5845709754410504,PO800538,Vidal,Annie,Mme,RE,#61468F
PA722110,-11.191179640909251,-2.762059685156458,PO800502,Wulfranc,Hubert,M.,GDR-NUPES,#991414
PA722134,17.260203592596664,-1.224994911842386,PO800538,Fiévet,Jean-Marie,M.,RE,#61468F
PA722142,-16.0542072391912,-6.387393831127555,PO800490,Ruffin,François,M.,LFI-NUPES,#E42313
PA722150,16.612406494690095,-1.0959638344823512,PO800538,Houlié,Sacha,M.,RE,#61468F
PA722162,22.053350897897648,-3.141747275882461,PO800484,Turquois,Nicolas,M.,DEM,#CE5215
PA722202,-16.625604202186818,-5.395847886289714,PO800502,Jumel,Sébastien,M.,GDR-NUPES,#991414
PA722252,2.275060502528681,0.05782483736073331,PO800538,Rixain,Marie-Pierre,Mme,RE,#61468F
PA722284,8.41014552882784,-2.3122678279057127,PO800484,Fuchs,Bruno,M.,DEM,#CE5215
PA722292,15.336413762889288,-0.19464774264298124,PO800538,Rudigoz,Thomas,M.,RE,#61468F
PA722308,2.755232059760001,6.971548662637566,PO800508,Serre,Nathalie,Mme,LR,#4565AD
PA722336,13.587247850264625,-1.1494732596525066,PO800514,Thiébaut,Vincent,M.,HOR,#32B3CA
PA722344,-13.178895581093933,-6.277410272404835,PO800526,Julien-Laferrière,Hubert,M.,ECOLO,#77AA79
PA722358,5.680818038264413,-0.33163665284178767,PO800538,Gassilloud,Thomas,M.,RE,#61468F
PA722366,26.55556075927195,-3.9409836841628754,PO800538,Fugit,Jean-Luc,M.,RE,#61468F
PA722374,16.541991308299966,-2.201738863699282,PO800484,Isaac-Sibille,Cyrille,M.,DEM,#CE5215
PA722382,8.197053490543038,0.5945926996826585,PO800538,Dirx,Benjamin,M.,RE,#61468F
PA722390,1.24761610530535,6.7949141769416705,PO800508,Corneloup,Josiane,Mme,LR,#4565AD
PA722398,16.78564377342906,-2.0913793075755382,PO800538,Rebeyrotte,Rémy,M.,RE,#61468F
PA736201,-12.189816757065648,-7.975569638223664,PO800526,Taillé-Polian,Sophie,Mme,ECOLO,#77AA79
PA757225,6.866157982850649,-0.19062634716735094,PO800538,Seo,Mikaele,M.,RE,#61468F
PA774109,-4.350396843583824,-0.9369545390717381,PO800538,Beaune,Clément,M.,RE,#61468F
PA774954,-0.7665394411466013,3.921511147218908,PO800508,Blin,Anne-Laure,Mme,LR,#4565AD
PA774958,-14.433644485708996,-10.056875287245397,PO800496,Leseul,Gérard,M.,SOC,#DF84B5
PA774960,-8.416957760385781,-4.606630945684964,PO800496,Santiago,Isabelle,Mme,SOC,#DF84B5
PA774962,-17.73198092640631,-7.8666650213320475,PO800502,Lebon,Karine,Mme,GDR-NUPES,#991414
PA783457,-2.23624521084752,1.8216234288710644,PO800508,Habert-Dassault,Victor,M.,LR,#4565AD
PA791812,-21.95871630537299,-12.227372429817983,PO800490,Chikirou,Sophia,Mme,LFI-NUPES,#E42313
PA791824,-22.237007690596737,-11.184995904302692,PO800490,Legrain,Sarah,Mme,LFI-NUPES,#E42313
PA793094,-2.2989150962081797,4.665537216785574,PO800508,Ray,Nicolas,M.,LR,#4565AD
PA793102,-10.25871967742986,11.096550059438906,PO800520,Girard,Christian,M.,RN,#35495E
PA793110,-25.5384690941994,-14.493944096142219,PO800490,Walter,Léo,M.,LFI-NUPES,#E42313
PA793122,15.04506458998046,1.0752700524959438,PO800484,Daubié,Romain,M.,DEM,#CE5215
PA793134,-9.801789674168488,13.640773554539791,PO800520,Buisson,Jérôme,M.,RN,#35495E
PA793146,-13.97485280481084,28.158017027654353,PO800520,Dragon,Nicolas,M.,RN,#35495E
PA793158,-10.042942843146562,9.203207964710499,PO800520,Beaurain,José,M.,RN,#35495E
PA793166,-15.137923972402254,31.120034013801497,PO800520,Dessigny,Jocelyn,M.,RN,#35495E
PA793174,-15.370694570005146,-3.627633603320822,PO800502,Monnet,Yannick,M.,GDR-NUPES,#991414
PA793182,-12.10870007325919,13.897651522732964,PO800520,Bovet,Jorys,M.,RN,#35495E
PA793190,21.612311173737144,-3.9929180707664735,PO800538,Heydel Grillere,Laurence,Mme,RE,#61468F
PA793194,16.85306449106386,0.07417386893239253,PO800538,Vuibert,Lionel,M.,RE,#61468F
PA793210,-5.5327023456332896,-3.576341964834789,PO800532,Panifous,Laurent,M.,LIOT,#F8D434
PA793218,-11.709461782815549,21.76317236353638,PO800520,Guitton,Jordan,M.,RN,#35495E
PA793230,-12.576851271471774,19.759112910420903,PO800520,Ranc,Angélique,Mme,RN,#35495E
PA793238,-12.924965182455207,21.96976089716657,PO800520,Barthès,Christophe,M.,RN,#35495E
PA793246,-9.974618345921213,12.277506331022687,PO800520,Falcon,Frédéric,M.,RN,#35495E
PA793254,-13.519583326713704,21.540316133084175,PO800520,Rancoule,Julien,M.,RN,#35495E
PA793262,-20.933389786472013,-11.055207228018027,PO800490,Alexandre,Laurent,M.,LFI-NUPES,#E42313
PA793270,25.151922062310817,-4.635061237669737,PO800538,Rousset,Jean-François,M.,RE,#61468F
PA793278,9.414769951321933,0.35412114175529985,PO800538,Agresti-Roubache,Sabrina,Mme,RE,#61468F
PA793282,-1.8593592493232354,-1.7578594057698909,PO800538,Parakian,Didier,M.,RE,#61468F
PA793290,-10.281840335400112,18.05826748224269,PO800520,Lelouis,Gisèle,Mme,RN,#35495E
PA793298,-10.795815487159558,13.242036728855469,PO800520,Tivoli,Lionel,M.,RN,#35495E
PA793306,17.46090713212571,-1.9537414912974187,PO800514,Pradal,Philippe,M.,HOR,#32B3CA
PA793314,-9.336182125141905,9.721208331740868,PO800520,Masson,Alexandra,Mme,RN,#35495E
PA793322,-3.7106183514846847,0.38703288086142534,PO800508,D'Intorni,Christelle,Mme,LR,#4565AD
PA793330,-11.591153775186514,13.638446655597978,PO800520,Masson,Bryan,M.,RN,#35495E
PA793342,0.1396363107610048,2.735584244219469,PO800508,Martin (Alpes-Maritimes),Alexandra,Mme,LR,#4565AD
PA793354,-10.31866853099726,8.8594944073086,PO800520,Mélin,Joëlle,Mme,RN,#35495E
PA793362,-10.25174149315151,13.941562583050775,PO800520,Gonzalez,José,M.,RN,#35495E
PA793374,-11.219740665171937,15.983087428712993,PO800520,Baubry,Romain,M.,RN,#35495E
PA793382,-10.256392513478232,11.229039503833073,PO800520,Taché de la Pagerie,Emmanuel,M.,RN,#35495E
PA793394,-18.102752397389438,-8.368133516955698,PO800496,Delaporte,Arthur,M.,SOC,#DF84B5
PA793398,6.664853149788563,1.0009560334389902,PO800514,Patrier-Leitus,Jérémie,M.,HOR,#32B3CA
PA793416,22.609459703698583,-4.584942836805981,PO800538,Sertin,Freddy,M.,RE,#61468F
PA793432,-11.31329390356699,13.30576936285402,PO800520,Allisio,Franck,M.,RN,#35495E
PA793444,-24.24053124986446,-11.509756072377996,PO800490,Bompard,Manuel,M.,LFI-NUPES,#E42313
PA793452,-24.600914328409903,-11.308000867337423,PO800490,Davi,Hendrik,M.,LFI-NUPES,#E42313
PA793464,-18.346410764697843,-8.734253926393004,PO800490,Delogu,Sébastien,M.,LFI-NUPES,#E42313
PA793476,3.1917197265183432,7.656605827660106,PO800508,Dubois,Francis,M.,LR,#4565AD
PA793500,18.584355165028843,-0.9906394404681083,PO800538,Bordat,Benoît,M.,RE,#61468F
PA793508,1.019348274280878,6.395236195413417,PO800508,Brigand,Hubert,M.,LR,#4565AD
PA793520,16.86219693291908,-1.644637783728023,PO800484,Cosson,Mickaël,M.,DEM,#CE5215
PA793528,17.530881565808137,-4.799204355481676,PO800538,Bouloux,Chantal,Mme,RE,#61468F
PA793532,-27.481503891762227,-17.53546035827066,PO800490,Lepvraud,Murielle,Mme,LFI-NUPES,#E42313
PA793548,-13.44188191771946,21.138174172192,PO800520,Colombier,Caroline,Mme,RN,#35495E
PA793560,15.39438670310204,0.14042181566134798,PO800484,Babault,Anne-Laure,Mme,DEM,#CE5215
PA793572,18.151684129030414,-1.8282736128291273,PO800514,Plassard,Christophe,M.,HOR,#32B3CA
PA793588,16.985449189157848,-1.1055330007835016,PO800538,Pacquot,Nicolas,M.,RE,#61468F
PA793592,-10.012297742273654,12.901503169362297,PO800520,Grangier,Géraldine,Mme,RN,#35495E
PA793608,-11.340268463601676,12.852736617258481,PO800520,Levavasseur,Katiana,Mme,RN,#35495E
PA793616,-15.171157842149823,26.113118741375807,PO800520,Mauvieux,Kévin,M.,RN,#35495E
PA793624,-15.123840068391898,-5.972728351676645,PO800496,Brun,Philippe,M.,SOC,#DF84B5
PA793632,-14.920243096315165,22.5584960866548,PO800520,Houssin,Timothée,M.,RN,#35495E
PA793644,-2.145828953717288,-1.1364862558777045,PO800484,Leclercq,Laurent,M.,DEM,#CE5215
PA793656,-15.554198773949834,24.981986172898058,PO800520,Pollet,Lisette,Mme,RN,#35495E
PA793664,-16.038564958195085,-10.100684351624425,PO800526,Pochon,Marie,Mme,ECOLO,#77AA79
PA793672,-15.191864592427809,29.29899110057036,PO800520,Loir,Christine,Mme,RN,#35495E
PA793680,-24.65306868534544,-12.352972060478766,PO800490,Couturier,Catherine,Mme,LFI-NUPES,#E42313
PA793688,-22.948986678817725,-13.494480089232148,PO800490,Martin,Pascale,Mme,LFI-NUPES,#E42313
PA793696,-12.41133032280942,17.33427052177746,PO800520,Muller,Serge,M.,RN,#35495E
PA793708,-19.488825905020104,-12.624579109721875,PO800526,Peytavie,Sébastien,M.,ECOLO,#77AA79
PA793716,18.700157234132615,-1.9550241618070883,PO800484,Croizier,Laurent,M.,DEM,#CE5215
PA793724,-17.062804099770887,-7.6367029882406445,PO800490,Sala,Michel,M.,LFI-NUPES,#E42313
PA793736,-21.856189806591136,-9.371549727293395,PO800490,Clouet,Hadrien,M.,LFI-NUPES,#E42313
PA793744,-28.368730073072022,-16.894987599675826,PO800490,Stambach-Terrenoir,Anne,Mme,LFI-NUPES,#E42313
PA793756,-20.487904013220103,-11.99786594556947,PO800490,Piquemal,François,M.,LFI-NUPES,#E42313
PA793772,-21.924949947845715,-11.978133916146435,PO800490,Bex,Christophe,M.,LFI-NUPES,#E42313
PA793780,-17.826378938009316,-9.968810694915337,PO800526,Arrighi,Christine,Mme,ECOLO,#77AA79
PA793792,17.388706868564597,-2.75718515519148,PO800484,Esquenet-Goxes,Laurent,M.,DEM,#CE5215
PA793796,-11.371520082212442,-4.586778327781525,PO800532,Taupiac,David,M.,LIOT,#F8D434
PA793816,-14.632367764679385,-8.590768377081208,PO800496,Thomin,Mélanie,Mme,SOC,#DF84B5
PA793832,-14.877395793839758,25.73189095221617,PO800520,Gillet,Yoann,M.,RN,#35495E
PA793844,-8.988162039626845,13.340583668791021,PO800520,Bordes,Pascale,Mme,RN,#35495E
PA793852,-11.032327975551066,13.481630614584988,PO800520,Meurin,Pierre,M.,RN,#35495E
PA793860,15.391804248285213,-2.7699121364280255,PO800484,Zgainski,Frédéric,M.,DEM,#CE5215
PA793872,-23.68413390990591,-12.538682766248948,PO800490,Oziol,Nathalie,Mme,LFI-NUPES,#E42313
PA793876,17.832234687910198,-2.156804139064449,PO800538,Cristol,Laurence,Mme,RE,#61468F
PA793884,-16.30881248733108,-7.170968146825232,PO800490,Rome,Sébastien,M.,LFI-NUPES,#E42313
PA793892,-11.393089090327331,14.477955207196947,PO800520,Galzy,Stéphanie,Mme,RN,#35495E
PA793904,-13.416359122989533,18.003190800719413,PO800520,Lopez-Liguori,Aurélien,M.,RN,#35495E
PA793912,-28.259015772829855,-18.004615745566817,PO800490,Carrière,Sylvain,M.,LFI-NUPES,#E42313
PA793928,-14.92512014475268,28.467382477944497,PO800520,Diaz,Edwige,Mme,RN,#35495E
PA793940,12.47676176997815,-0.3891714053381568,PO800538,Cazenave,Thomas,M.,RE,#61468F
PA793944,-1.7378848755443208,-1.334392107365482,PO800538,Martin (Gironde),Alexandra,Mme,RE,#61468F
PA793948,-15.419047715101872,-10.953834699131242,PO800526,Thierry,Nicolas,M.,ECOLO,#77AA79
PA793964,-12.532991446089179,18.899119470254472,PO800520,de Fournas,Grégoire,M.,RN,#35495E
PA793980,-17.916892193807882,-11.002750865367602,PO800526,Fournier,Charles,M.,ECOLO,#77AA79
PA793992,10.524934210932804,-0.9205364857835827,PO800514,Alfandari,Henri,M.,HOR,#32B3CA
PA794004,14.223821967730482,-2.2941424416156524,PO800538,Hugues,Servane,Mme,RE,#61468F
PA794008,-20.690720192680786,-12.747742257898203,PO800526,Chatelain,Cyrielle,Mme,ECOLO,#77AA79
PA794022,-14.881852147430001,-13.222596584981714,PO800526,Iordanoff,Jérémie,M.,ECOLO,#77AA79
PA794030,-8.763932454747053,8.472772661243157,PO800520,Jolly,Alexis,M.,RN,#35495E
PA794038,1.3332814109322484,4.155683361442173,PO800508,Neuder,Yannick,M.,LR,#4565AD
PA794058,4.137436063589029,7.159402664418491,PO800508,Gruet,Justine,Mme,LR,#4565AD
PA794066,-19.278880924275825,-8.777538233701259,PO800490,Mathieu,Frédéric,M.,LFI-NUPES,#E42313
PA794082,-25.93046402957135,-15.121810933766149,PO800490,Hignet,Mathilde,Mme,LFI-NUPES,#E42313
PA794094,-16.041752822682913,-9.976785151642243,PO800496,Bouloux,Mickaël,M.,SOC,#DF84B5
PA794106,-24.00414356391983,-13.31705002585883,PO800490,Taurinya,Andrée,Mme,LFI-NUPES,#E42313
PA794114,13.825119979834051,-0.43715932814486885,PO800484,Mandon,Emmanuel,M.,DEM,#CE5215
PA794118,-2.8559711448791414,1.0964755807648603,PO800508,Vermorel-Marques,Antoine,M.,LR,#4565AD
PA794130,-19.78567006949212,-9.052430326460328,PO800490,Kerbrat,Andy,M.,LFI-NUPES,#E42313
PA794138,-30.37449029062889,-14.879280228615823,PO800490,Amiot,Ségolène,Mme,LFI-NUPES,#E42313
PA794146,-16.31740188840408,-11.060475422830114,PO800526,Laernoes,Julie,Mme,ECOLO,#77AA79
PA794154,-19.884135139445643,-14.28557168451587,PO800526,Raux,Jean-Claude,M.,ECOLO,#77AA79
PA794166,-20.060313742496323,-11.311628128971519,PO800490,Tavel,Matthias,M.,LFI-NUPES,#E42313
PA794178,1.4883293926988337,4.111317091493035,PO800508,Taite,Jean-Pierre,M.,LR,#4565AD
PA794194,14.690159860629192,-0.7676931935372557,PO800484,Desjonquères,Mathilde,Mme,DEM,#CE5215
PA794198,-12.539796013783056,22.00049650689064,PO800520,Chudeau,Roger,M.,RN,#35495E
PA794206,24.460295682045324,-4.1901393408629914,PO800538,Marion,Christophe,M.,RE,#61468F
PA794214,14.341915990204999,-1.2800715541198062,PO800538,Bataillon,Quentin,M.,RE,#61468F
PA794222,-11.242308416876376,14.482256295858619,PO800520,Cousin,Annick,Mme,RN,#35495E
PA794234,17.560324765845106,-3.1332057172485923,PO800514,Gernigon,François,M.,HOR,#32B3CA
PA794270,-12.884401040766763,-7.9676536004478,PO800496,Pic,Anna,Mme,SOC,#DF84B5
PA794278,11.648428069688416,0.35242353514543384,PO800514,Albertini,Xavier,M.,HOR,#32B3CA
PA794286,-9.203128763232298,6.468703962790013,PO800520,Frigout,Anne-Sophie,Mme,RN,#35495E
PA794314,-14.842539747829468,22.328206009379134,PO800520,Paris,Mathilde,Mme,RN,#35495E
PA794322,-11.10190986654932,16.794661986214457,PO800520,Ménagé,Thomas,M.,RN,#35495E
PA794330,27.267876380107417,-4.640317992125709,PO800538,Brosse,Anthony,M.,RE,#61468F
PA794354,-8.700103691227035,10.68643684420308,PO800520,Laporte,Hélène,Mme,RN,#35495E
PA794386,20.638034677966374,-2.365205978597561,PO800538,Métayer,Lysiane,Mme,RE,#61468F
PA794402,-24.73502575577906,-12.279545016376954,PO800490,Leduc,Charlotte,Mme,LFI-NUPES,#E42313
PA794410,-1.5639226686782295,3.3354652130055347,PO800508,Seitlinger,Vincent,M.,LR,#4565AD
PA794418,-11.522663977505859,18.04047114785702,PO800520,Goulet,Florence,Mme,RN,#35495E
PA794426,21.048622935416596,-2.3859589071181784,PO800514,Le Hénanff,Anne,Mme,HOR,#32B3CA
PA794434,-15.202304773663004,29.80813088428877,PO800520,Bentz,Christophe,M.,RN,#35495E
PA794442,-14.447237459009106,24.237412298735585,PO800520,Robert-Dehault,Laurence,Mme,RN,#35495E
PA794450,17.715837914128908,-1.160616966386482,PO800538,Lacresse,Emmanuel,M.,RE,#61468F
PA794458,-21.848208952957798,-10.54140553625993,PO800490,Etienne,Martine,Mme,LFI-NUPES,#E42313
PA794470,22.101396588109964,-3.003220482391269,PO800514,Gérard,Félicie,Mme,HOR,#32B3CA
PA794478,-21.826640717001446,-8.963549491542489,PO800490,Guiraud,David,M.,LFI-NUPES,#E42313
PA794486,17.502400051200766,-1.2360949604640241,PO800538,Spillebout,Violette,Mme,RE,#61468F
PA794494,-8.904524037334697,-4.1404565355319125,PO800496,Vicot,Roger,M.,SOC,#DF84B5
PA794502,-10.853048821501025,16.227128513967294,PO800520,Taverne,Michaël,M.,RN,#35495E
PA794510,21.951125846037908,-5.264352250935146,PO800538,Decodts,Christine,Mme,RE,#61468F
PA794522,-11.690766468514482,17.110156937124387,PO800520,Berteloot,Pierrick,M.,RN,#35495E
PA794530,-13.183062311535325,16.37193074527129,PO800520,Marchio,Matthieu,M.,RN,#35495E
PA794538,-11.744523241603327,16.596017550157246,PO800520,François,Thibaut,M.,RN,#35495E
PA794562,-13.053426801434632,18.628316167096227,PO800520,Ballard,Philippe,M.,RN,#35495E
PA794570,-13.229612243790415,15.469401480723047,PO800520,Sabatou,Alexandre,M.,RN,#35495E
PA794582,-13.801552375007253,18.17011672514274,PO800520,Pfeffer,Kévin,M.,RN,#35495E
PA794590,-13.50777608533054,19.90536607563239,PO800520,Loubet,Alexandre,M.,RN,#35495E
PA794598,-11.619152748238724,20.522461847703163,PO800520,Jacobelli,Laurent,M.,RN,#35495E
PA794626,-7.82594051305942,-4.4957187547060595,PO800532,Saint-Huile,Benjamin,M.,LIOT,#F8D434
PA794638,-16.33873624260599,28.92593142320713,PO800520,Catteau,Victor,M.,RN,#35495E
PA794650,-12.637919609735524,-4.79883112058293,PO800502,Tellier,Jean-Marc,M.,GDR-NUPES,#991414
PA794658,20.486429798007148,-2.1287464417365256,PO800538,Fait,Philippe,M.,RE,#61468F
PA794670,-13.12563303924733,14.993810680542705,PO800520,Parmentier,Caroline,Mme,RN,#35495E
PA794678,-14.48834502763379,22.427214299726668,PO800520,Frappé,Thierry,M.,RN,#35495E
PA794686,-22.590315145779442,-9.017002882564427,PO800490,Maximi,Marianne,Mme,LFI-NUPES,#E42313
PA794702,19.50425061531245,-1.1299111570242601,PO800484,Lingemann,Delphine,Mme,DEM,#CE5215
PA794718,-8.6247377113497,10.484739894570797,PO800520,Engrand,Christine,Mme,RN,#35495E
PA794734,-10.570905645484132,11.948910720345557,PO800520,Guiniot,Michel,M.,RN,#35495E
PA794762,-13.451208391163952,21.010585395931688,PO800520,Dogor-Such,Sandrine,Mme,RN,#35495E
PA794770,-9.620595791379515,11.69929712928197,PO800520,Martinez,Michèle,Mme,RN,#35495E
PA794778,-21.814965848714532,-16.37973302152095,PO800526,Regol,Sandra,Mme,ECOLO,#77AA79
PA794786,-28.995216835395585,-18.448231634985337,PO800490,Fernandes,Emmanuel,M.,LFI-NUPES,#E42313
PA794798,19.450210654152087,-2.219632305560742,PO800538,Buffet,Françoise,Mme,RE,#61468F
PA794802,22.642262495848104,-2.784141953231223,PO800538,Sitzenstuhl,Charles,M.,RE,#61468F
PA794810,21.791701309065083,-1.240264472440551,PO800484,Morel,Louise,Mme,DEM,#CE5215
PA794818,16.50990504426517,-1.1560204517730084,PO800514,Kochert,Stéphanie,Mme,HOR,#32B3CA
PA794830,9.83135556478027,-2.7014579167314157,PO800484,Ott,Hubert,M.,DEM,#CE5215
PA794838,11.092183037394852,-0.4290705942419022,PO800514,Lemaire,Didier,M.,HOR,#32B3CA
PA794846,11.396025222564594,-1.1371050985598417,PO800538,Goetschy-Bolognese,Charlotte,Mme,RE,#61468F
PA794854,-17.09303369835044,-11.853924628304375,PO800496,Echaniz,Inaki,M.,SOC,#DF84B5
PA794870,-24.605823392063794,-14.00276543671159,PO800490,Ferrer,Sylvie,Mme,LFI-NUPES,#E42313
PA794878,20.63547958184991,-2.098424194292011,PO800538,Mournet,Benoit,M.,RE,#61468F
PA794886,-10.337767924382202,13.029698878411178,PO800520,Blanc,Sophie,Mme,RN,#35495E
PA794894,-13.045815539313795,19.7601268488456,PO800520,Sabatini,Anaïs,Mme,RN,#35495E
PA794906,-20.99365467704504,-10.789333198181255,PO800490,Amard,Gabriel,M.,LFI-NUPES,#E42313
PA794914,4.201887633346701,1.2124581840345856,PO800508,Vincendet,Alexandre,M.,LR,#4565AD
PA794930,10.728813334123576,-1.167758418028937,PO800538,Tanzilli,Sarah,Mme,RE,#61468F
PA794938,-22.358249400614095,-11.710962396968915,PO800490,Boumertit,Idir,M.,LFI-NUPES,#E42313
PA794946,-9.479700154027226,12.539866396219798,PO800520,Villedieu,Antoine,M.,RN,#35495E
PA794954,-14.402500760788152,27.435589602144933,PO800520,Salmon,Emeric,M.,RN,#35495E
PA794974,18.933557757117022,-2.4841391278114786,PO800538,Margueritte,Louis,M.,RE,#61468F
PA794982,21.703112277166856,-1.781984271448753,PO800538,Delpech,Julie,Mme,RE,#61468F
PA794994,2.4336413676266555,4.641371533266477,PO800508,Portier,Alexandre,M.,LR,#4565AD
PA795010,-19.213607603125844,-10.625098599950835,PO800526,Garin,Marie-Charlotte,Mme,ECOLO,#77AA79
PA795026,17.129411731751258,-1.6366475031306922,PO800514,Violland,Anne-Cécile,Mme,HOR,#32B3CA
PA795046,24.32169204724615,-4.883444574155233,PO800538,Yadan,Caroline,Mme,RE,#61468F
PA795050,14.249257202535281,-1.7676152019039078,PO800538,Panosyan-Bouvet,Astrid,Mme,RE,#61468F
PA795058,-11.607574625574504,-7.568540542991501,PO800526,Bayou,Julien,M.,ECOLO,#77AA79
PA795068,20.783702339781232,-3.3488531805089257,PO800538,Chassaniol,Clara,Mme,RE,#61468F
PA795076,-17.37392455700124,-10.387122075673178,PO800526,Rousseau,Sandrine,Mme,ECOLO,#77AA79
PA795084,-13.348066555084598,-6.996509982612261,PO800490,Arenas,Rodrigo,M.,LFI-NUPES,#E42313
PA795100,24.65228398894538,-1.6700778145447892,PO800484,Martineau,Éric,M.,DEM,#CE5215
PA795108,-22.53948874141232,-12.49100885644487,PO800490,Leboucher,Élise,Mme,LFI-NUPES,#E42313
PA795120,20.00798875476024,-2.9877681336054445,PO800484,Ferrari,Marina,Mme,DEM,#CE5215
PA795124,-3.6403130582051357,-0.3703012939524738,PO800484,Padey,Didier,M.,DEM,#CE5215
PA795136,-27.266959237126777,-14.424074664606067,PO800490,Coulomme,Jean-François,M.,LFI-NUPES,#E42313
PA795144,15.027480386678981,-2.3385142058118102,PO800538,Armand,Antoine,M.,RE,#61468F
PA795156,-11.366433789649735,-7.60601134834155,PO800496,Keloua Hachi,Fatiha,Mme,SOC,#DF84B5
PA795164,-23.60900046382382,-13.693473391753761,PO800490,Trouvé,Aurélie,Mme,LFI-NUPES,#E42313
PA795176,17.705310289050427,-1.2583125294122326,PO800538,Metzdorf,Nicolas,M.,RE,#61468F
PA795184,-10.338083532734816,-4.275268214824324,PO800502,Le Gayic,Tematai,M.,GDR-NUPES,#991414
PA795192,-8.355938134023171,-2.225218031410145,PO800502,Chailloux,Steve,M.,GDR-NUPES,#991414
PA795200,-24.25507874934921,-12.910361224997027,PO800490,Dufour,Alma,Mme,LFI-NUPES,#E42313
PA795216,13.600165603215796,-0.7173694175281751,PO800538,Lovisolo,Jean-François,M.,RE,#61468F
PA795228,-23.507811117355068,-12.057025659299022,PO800490,Abomangoli,Nadège,Mme,LFI-NUPES,#E42313
PA795240,-6.211212689907455,-2.2078911935206635,PO800502,Reid Arbelot,Mereana,Mme,GDR-NUPES,#991414
PA795244,-4.863008737703611,1.9408502805614638,PO800532,Lenormand,Stéphane,M.,LIOT,#F8D434
PA795258,17.574943469291952,-2.6018314533649693,PO800484,Gumbs,Frantz,M.,DEM,#CE5215
PA795266,7.531097973567948,-4.029005656821212,PO800514,Carel,Agnès,Mme,HOR,#32B3CA
PA795270,19.25490940495507,-1.085424637133457,PO800514,Poussier-Winsback,Marie-Agnès,Mme,HOR,#32B3CA
PA795278,16.974825873170587,0.04395278359021468,PO800514,Bellamy,Béatrice,Mme,HOR,#32B3CA
PA795298,-22.938692144498603,-9.430665933694923,PO800490,Legavre,Jérôme,M.,LFI-NUPES,#E42313
PA795310,-22.17115431132521,-11.06726971359802,PO800490,Guetté,Clémence,Mme,LFI-NUPES,#E42313
PA795318,-18.890491466299498,-7.584747280358255,PO800490,Boyard,Louis,M.,LFI-NUPES,#E42313
PA795326,12.531428375604813,-1.8200502913923255,PO800538,Weissberg,Christopher,M.,RE,#61468F
PA795330,7.152041874303321,-3.318451129790988,PO800538,Caroit,Eléonore,Mme,RE,#61468F
PA795350,12.842127678659615,-1.755883197618084,PO800514,Valletoux,Frédéric,M.,HOR,#32B3CA
PA795354,-4.066530551700071,-0.6176486507712527,PO800514,Vilgrain,Juliette,Mme,HOR,#32B3CA
PA795362,-16.637927425973967,-9.539628961583592,PO800526,Belluco,Lisa,Mme,ECOLO,#77AA79
PA795374,20.74220851693208,-0.5622461505467095,PO800484,Lecamp,Pascal,M.,DEM,#CE5215
PA795386,26.778534558267964,-3.263650270541453,PO800538,Lefèvre,Mathieu,M.,RE,#61468F
PA795406,1.8086804526066806,2.6825644793414583,PO800508,Périgault,Isabelle,Mme,LR,#4565AD
PA795410,-14.69784239031946,23.886225391653063,PO800520,Roullaud,Béatrice,Mme,RN,#35495E
PA795422,-20.966652340447524,-8.097223977490865,PO800490,Maudet,Damien,M.,LFI-NUPES,#E42313
PA795430,-13.171002822352452,-8.933231971646498,PO800496,Delautrette,Stéphane,M.,SOC,#DF84B5
PA795438,-20.087738081104895,-8.412606410424406,PO800490,Keke,Rachel,Mme,LFI-NUPES,#E42313
PA795454,-16.37832419080525,-9.83377825252035,PO800526,Ben Cheikh,Karim,M.,ECOLO,#77AA79
PA795466,-22.081754754036645,-11.203186405937016,PO800490,Soudais,Ersilia,Mme,LFI-NUPES,#E42313
PA795482,-26.009323006550076,-13.489110346054883,PO800490,Meunier,Manon,Mme,LFI-NUPES,#E42313
PA795508,23.173870773915052,-4.213874602561861,PO800538,Chandler,Émilie,Mme,RE,#61468F
PA795516,-26.28830574261882,-14.769111153832029,PO800490,Laisney,Maxime,M.,LFI-NUPES,#E42313
PA795528,22.141783345959283,-2.545411252212782,PO800538,Rodwell,Charles,M.,RE,#61468F
PA795540,-12.255183912853227,16.150647253613457,PO800520,Grenon,Daniel,M.,RN,#35495E
PA795552,-9.686316072447088,9.709482377286355,PO800520,Odoul,Julien,M.,RN,#35495E
PA795572,-2.582321567851666,-1.1942034505051204,PO800538,Bernaert,Denis,M.,RE,#61468F
PA795580,-22.231137431618063,-11.358479744714677,PO800490,Chauche,Florian,M.,LFI-NUPES,#E42313
PA795588,-23.694678131509193,-11.327037861309542,PO800490,Amrani,Farida,Mme,LFI-NUPES,#E42313
PA795596,-21.30784338057429,-10.989171686750046,PO800490,Vannier,Paul,M.,LFI-NUPES,#E42313
PA795604,7.8488594034166494,-1.1534322780587958,PO800484,Folest,Estelle,Mme,DEM,#CE5215
PA795616,-23.19924199881832,-10.911984415682717,PO800490,Bilongo,Carlos Martens,M.,LFI-NUPES,#E42313
PA795636,-19.858768312260363,-11.31051228556976,PO800526,Lucas-Lundy,Benjamin,M.,ECOLO,#77AA79
PA795644,-11.031804411215877,13.21399784285198,PO800520,Da Conceicao Carvalho,Nathalie,Mme,RN,#35495E
PA795652,23.13968329982104,-2.0010438626202665,PO800538,Izard,Alexis,M.,RE,#61468F
PA795664,23.663681029940516,-1.465697061687718,PO800538,Midy,Paul,M.,RE,#61468F
PA795672,-16.718087676477186,-7.708554776698201,PO800490,Le Gall,Arnaud,M.,LFI-NUPES,#E42313
PA795688,4.031084985253218,-1.770193874350651,PO800538,Emmanuel,Philippe,M.,RE,#61468F
PA795692,-20.21247964583057,-11.037945220790924,PO800490,Martinet,William,M.,LFI-NUPES,#E42313
PA795708,-4.122122136351921,-0.9961844934689793,PO800538,Husson,Éric,M.,RE,#61468F
PA795722,10.82394089494024,-0.3998386985285459,PO800538,Olive,Karl,M.,RE,#61468F
PA795730,14.570020238787274,0.499126067321528,PO800538,Marchive,Bastien,M.,RE,#61468F
PA795746,-25.91356938995053,-13.744030553589916,PO800490,Léaument,Antoine,M.,LFI-NUPES,#E42313
PA795762,-12.807656391888257,-5.686972823400946,PO800496,Califer,Elie,M.,SOC,#DF84B5
PA795774,-0.9211981843015133,-2.69438902981857,PO800538,Dordain,Ingrid,Mme,RE,#61468F
PA795778,-12.866385591745,18.132390805910983,PO800520,Tanguy,Jean-Philippe,M.,RN,#35495E
PA795786,-10.83420655956758,16.479045085333397,PO800520,Menache,Yaël,Mme,RN,#35495E
PA795794,-14.809452356262167,-8.671203074577464,PO800526,Pasquini,Francesca,Mme,ECOLO,#77AA79
PA795808,-17.092118619361663,-9.368723480253893,PO800526,Sebaihi,Sabrina,Mme,ECOLO,#77AA79
PA795820,-15.114510551740352,-5.191850153860209,PO800502,Nadeau,Marcellin,M.,GDR-NUPES,#991414
PA795828,-9.051149781555244,-4.866010085729469,PO800496,Hajjar,Johnny,M.,SOC,#DF84B5
PA795836,-11.944850203137708,18.267219922738928,PO800520,Cabrolier,Frédéric,M.,RN,#35495E
PA795844,-21.87149916309005,-11.532725699090033,PO800490,Erodi,Karen,Mme,LFI-NUPES,#E42313
PA795864,24.384584565303836,-2.8167560064105155,PO800538,Cazeneuve,Pierre,M.,RE,#61468F
PA795868,-13.040745040565046,-4.897814968480612,PO800502,Castor,Jean-Victor,M.,GDR-NUPES,#991414
PA795876,-12.484847438834409,-4.953620031506721,PO800502,Rimane,Davy,M.,GDR-NUPES,#991414
PA795884,17.791812172641013,-1.6961929781979093,PO800538,Ferracci,Marc,M.,RE,#61468F
PA795900,-14.684110899676622,28.89575037086324,PO800520,Hamelet,Marine,Mme,RN,#35495E
PA795908,17.307455066841637,-0.26946803550375087,PO800538,Chenevard,Yannick,M.,RE,#61468F
PA795912,-11.710364871903934,12.383051151594461,PO800520,Lavalette,Laure,Mme,RN,#35495E
PA795920,17.234362651457324,-1.5209866394982736,PO800538,Thevenot,Prisca,Mme,RE,#61468F
PA795926,25.696721362941805,1.1437059914903247,PO800538,Pellerin,Emmanuel,M.,RE,#61468F
PA795934,32.43522203413187,-6.392337684687379,PO800538,Guichard,Claire,Mme,RE,#61468F
PA795950,22.439549342090025,-2.5888773057053496,PO800538,Amiel,David,M.,RE,#61468F
PA795958,16.564229176877372,-2.208732700325381,PO800538,Haddad,Benjamin,M.,RE,#61468F
PA795966,-12.118471865816867,14.209678522302402,PO800520,Rambaud,Stéphane,M.,RN,#35495E
PA795974,-14.834266748439033,26.057621710272013,PO800520,Lottiaux,Philippe,M.,RN,#35495E
PA795982,-23.367526327277343,-10.7537181811504,PO800490,Saintoul,Aurélien,M.,LFI-NUPES,#E42313
PA795990,11.978754482856115,0.08598177210882291,PO800538,Bregeon,Maud,Mme,RE,#61468F
PA795998,-13.453368199877424,-4.605703540251757,PO800502,K/Bidi,Emeline,Mme,GDR-NUPES,#991414
PA796010,-13.411570788890906,-4.921594320412201,PO800502,Maillot,Frédéric,M.,GDR-NUPES,#991414
PA796018,-24.024948069217974,-11.802531111382661,PO800490,Simonnet,Danielle,Mme,LFI-NUPES,#E42313
PA796026,-12.958371571061399,18.17617954804584,PO800520,Lechanteux,Julie,Mme,RN,#35495E
PA796034,-12.754844895784155,17.110623191937314,PO800520,Giletti,Frank,M.,RN,#35495E
PA796042,-15.251536321232583,27.479825288622273,PO800520,Boccaletti,Frédéric,M.,RN,#35495E
PA796050,-10.783656982804587,15.289846892960947,PO800520,Schreck,Philippe,M.,RN,#35495E
PA796062,-18.410499798727663,-9.826503057472316,PO800490,Portes,Thomas,M.,LFI-NUPES,#E42313
PA796070,-13.035206204928725,-5.508588760255541,PO800490,Gaillard,Perceval,M.,LFI-NUPES,#E42313
PA796078,-5.4498971330386645,-0.6133311336257383,PO800532,Youssouffa,Estelle,Mme,LIOT,#F8D434
PA796090,-17.420492599152322,-7.9932384332157085,PO800490,Caron,Aymeric,M.,LFI-NUPES,#E42313
PA796106,-5.828747256165183,-2.1318770015038977,PO800502,Bénard,Édouard,M.,GDR-NUPES,#991414
PA796110,-7.8393291048822995,5.8987998275719615,PO800520,Hébrard,Joris,M.,RN,#35495E
PA796114,-5.589672758111522,1.2284384596081963,PO800520,Jaouen,Catherine,Mme,RN,#35495E
PA796118,-12.088864966060314,16.49792904328386,PO800520,Auzanot,Bénédicte,Mme,RN,#35495E
PA796132,-18.193634123908186,-8.328295437050468,PO800490,Garrido,Raquel,Mme,LFI-NUPES,#E42313
PA805166,16.832446046058912,-1.6285734304626005,PO800484,Bergantz,Anne,Mme,DEM,#CE5215
PA817203,9.669748258438178,0.21567187183862874,PO800538,Miller,Laure,Mme,RE,#61468F
PA817211,-18.28187534984522,-11.014807484618686,PO800490,Pilato,René,M.,LFI-NUPES,#E42313
PA822617,-5.381850418322848,-2.6085139063679277,PO800532,Froger,Martine,Mme,LIOT,#F8D434
PA942,-0.47868156972361164,2.793681944423605,PO800532,de Courson,Charles,M.,LIOT,#F8D434
