{"scrutin": {"@xmlns": "http://schemas.assemblee-nationale.fr/referentiel", "@xmlns:xsi": "http://www.w3.org/2001/XMLSchema-instance", "uid": "VTANR5L16V856", "numero": "856", "organeRef": "PO791932", "legislature": "16", "sessionRef": "SCR5A2023O1", "seanceRef": "RUANR5L16S2023IDS26691", "dateScrutin": "2023-01-18", "quantiemeJourSeance": "1", "typeVote": {"codeTypeVote": "SPO", "libelleTypeVote": "scrutin public ordinaire", "typeMajorite": "majorit\u00e9 absolue des suffrages exprim\u00e9s"}, "sort": {"code": "rejet\u00e9", "libelle": "L'Assembl\u00e9e nationale n'a pas adopt\u00e9"}, "titre": "l'amendement n\u00b0 41 de M. Benoit \u00e0 l'article 3 bis de la proposition de loi visant \u00e0 s\u00e9curiser l'approvisionnement des Fran\u00e7ais en produits de grande consommation (premi\u00e8re lecture).", "demandeur": {"texte": "Pr\u00e9sident du groupe \"Horizons et apparent\u00e9s\"", "referenceLegislative": null}, "objet": {"libelle": "l'amendement n\u00b0 41 de M. Benoit \u00e0 l'article 3 bis de la proposition de loi visant \u00e0 s\u00e9curiser l'approvisionnement des Fran\u00e7ais en produits de grande consommation (premi\u00e8re lecture).", "referenceLegislative": null}, "modePublicationDesVotes": "DecompteNominatif", "syntheseVote": {"nombreVotants": "120", "suffragesExprimes": "115", "nbrSuffragesRequis": "58", "annonce": "L'Assembl\u00e9e nationale n'a pas adopt\u00e9", "decompte": {"nonVotants": "1", "pour": "35", "contre": "80", "abstentions": "5", "nonVotantsVolontaires": "0"}}, "ventilationVotes": {"organe": {"organeRef": "PO791932", "groupes": {"groupe": [{"organeRef": "PO800538", "nombreMembresGroupe": "170", "vote": {"positionMajoritaire": "contre", "decompteVoix": {"nonVotants": "0", "pour": "0", "contre": "65", "abstentions": "2", "nonVotantsVolontaires": "2"}, "decompteNominatif": {"nonVotants": null, "pours": null, "contres": {"votant": [{"acteurRef": "PA722398", "mandatRef": "PM797217", "parDelegation": "true"}, {"acteurRef": "PA2449", "mandatRef": "PM797046", "parDelegation": "false"}, {"acteurRef": "PA719118", "mandatRef": "PM796416", "parDelegation": "false"}, {"acteurRef": "PA794802", "mandatRef": "PM797127", "parDelegation": "true"}, {"acteurRef": "PA605963", "mandatRef": "PM796494", "parDelegation": "false"}, {"acteurRef": "PA606507", "mandatRef": "PM796605", "parDelegation": "false"}, {"acteurRef": "PA721852", "mandatRef": "PM797565", "parDelegation": "true"}, {"acteurRef": "PA717379", "mandatRef": "PM797265", "parDelegation": "false"}, {"acteurRef": "PA718674", "mandatRef": "PM796164", "parDelegation": "false"}, {"acteurRef": "PA718710", "mandatRef": "PM796149", "parDelegation": "false"}, {"acteurRef": "PA719032", "mandatRef": "PM796308", "parDelegation": "false"}, {"acteurRef": "PA719080", "mandatRef": "PM796395", "parDelegation": "false"}, {"acteurRef": "PA719108", "mandatRef": "PM796410", "parDelegation": "true"}, {"acteurRef": "PA719154", "mandatRef": "PM796362", "parDelegation": "false"}, {"acteurRef": "PA719372", "mandatRef": "PM796446", "parDelegation": "false"}, {"acteurRef": "PA719472", "mandatRef": "PM796533", "parDelegation": "false"}, {"acteurRef": "PA719512", "mandatRef": "PM796509", "parDelegation": "false"}, {"acteurRef": "PA719550", "mandatRef": "PM796551", "parDelegation": "false"}, {"acteurRef": "PA719718", "mandatRef": "PM796692", "parDelegation": "true"}, {"acteurRef": "PA719756", "mandatRef": "PM796701", "parDelegation": "false"}, {"acteurRef": "PA719890", "mandatRef": "PM796680", "parDelegation": "false"}, {"acteurRef": "PA720014", "mandatRef": "PM796863", "parDelegation": "true"}, {"acteurRef": "PA720074", "mandatRef": "PM796845", "parDelegation": "false"}, {"acteurRef": "PA720154", "mandatRef": "PM796806", "parDelegation": "false"}, {"acteurRef": "PA720342", "mandatRef": "PM796887", "parDelegation": "false"}, {"acteurRef": "PA720480", "mandatRef": "PM796944", "parDelegation": "false"}, {"acteurRef": "PA720862", "mandatRef": "PM797412", "parDelegation": "false"}, {"acteurRef": "PA720932", "mandatRef": "PM797586", "parDelegation": "false"}, {"acteurRef": "PA721024", "mandatRef": "PM797592", "parDelegation": "false"}, {"acteurRef": "PA721584", "mandatRef": "PM797712", "parDelegation": "false"}, {"acteurRef": "PA721844", "mandatRef": "PM797562", "parDelegation": "false"}, {"acteurRef": "PA722000", "mandatRef": "PM797400", "parDelegation": "false"}, {"acteurRef": "PA722038", "mandatRef": "PM797847", "parDelegation": "false"}, {"acteurRef": "PA722046", "mandatRef": "PM797625", "parDelegation": "false"}, {"acteurRef": "PA722150", "mandatRef": "PM797445", "parDelegation": "false"}, {"acteurRef": "PA722366", "mandatRef": "PM797193", "parDelegation": "false"}, {"acteurRef": "PA795920", "mandatRef": "PM797754", "parDelegation": "false"}, {"acteurRef": "PA793270", "mandatRef": "PM796239", "parDelegation": "false"}, {"acteurRef": "PA793500", "mandatRef": "PM796365", "parDelegation": "false"}, {"acteurRef": "PA793588", "mandatRef": "PM796422", "parDelegation": "false"}, {"acteurRef": "PA794330", "mandatRef": "PM796854", "parDelegation": "false"}, {"acteurRef": "PA794450", "mandatRef": "PM796938", "parDelegation": "false"}, {"acteurRef": "PA794658", "mandatRef": "PM797043", "parDelegation": "false"}, {"acteurRef": "PA794878", "mandatRef": "PM797175", "parDelegation": "false"}, {"acteurRef": "PA794974", "mandatRef": "PM797223", "parDelegation": "false"}, {"acteurRef": "PA795050", "mandatRef": "PM797274", "parDelegation": "false"}, {"acteurRef": "PA795176", "mandatRef": "PM797343", "parDelegation": "false"}, {"acteurRef": "PA721482", "mandatRef": "PM797514", "parDelegation": "false"}, {"acteurRef": "PA795508", "mandatRef": "PM797526", "parDelegation": "true"}, {"acteurRef": "PA795652", "mandatRef": "PM797607", "parDelegation": "false"}, {"acteurRef": "PA795722", "mandatRef": "PM797649", "parDelegation": "false"}, {"acteurRef": "PA795864", "mandatRef": "PM797721", "parDelegation": "false"}, {"acteurRef": "PA795884", "mandatRef": "PM797733", "parDelegation": "false"}, {"acteurRef": "PA795950", "mandatRef": "PM797775", "parDelegation": "false"}, {"acteurRef": "PA795958", "mandatRef": "PM797778", "parDelegation": "false"}, {"acteurRef": "PA795990", "mandatRef": "PM797793", "parDelegation": "false"}, {"acteurRef": "PA712014", "mandatRef": "PM802637", "parDelegation": "true"}, {"acteurRef": "PA721632", "mandatRef": "PM802647", "parDelegation": "false"}, {"acteurRef": "PA719664", "mandatRef": "PM796611", "parDelegation": "false"}, {"acteurRef": "PA721170", "mandatRef": "PM797463", "parDelegation": "false"}, {"acteurRef": "PA793416", "mandatRef": "PM802635", "parDelegation": "false"}, {"acteurRef": "PA795046", "mandatRef": "PM802641", "parDelegation": "false"}, {"acteurRef": "PA795934", "mandatRef": "PM802645", "parDelegation": "false"}, {"acteurRef": "PA795068", "mandatRef": "PM802649", "parDelegation": "false"}, {"acteurRef": "PA721828", "mandatRef": "PM802651", "parDelegation": "false"}]}, "abstentions": {"votant": [{"acteurRef": "PA607395", "mandatRef": "PM796818", "parDelegation": "false"}, {"acteurRef": "PA720222", "mandatRef": "PM796830", "parDelegation": "false"}]}}}}, {"organeRef": "PO800520", "nombreMembresGroupe": "88", "vote": {"positionMajoritaire": "pour", "decompteVoix": {"nonVotants": "0", "pour": "16", "contre": "0", "abstentions": "0", "nonVotantsVolontaires": "0"}, "decompteNominatif": {"nonVotants": null, "pours": {"votant": [{"acteurRef": "PA793432", "mandatRef": "PM796323", "parDelegation": "true"}, {"acteurRef": "PA795778", "mandatRef": "PM797682", "parDelegation": "false"}, {"acteurRef": "PA793146", "mandatRef": "PM796173", "parDelegation": "false"}, {"acteurRef": "PA793238", "mandatRef": "PM796224", "parDelegation": "false"}, {"acteurRef": "PA793632", "mandatRef": "PM796443", "parDelegation": "false"}, {"acteurRef": "PA793832", "mandatRef": "PM796557", "parDelegation": "false"}, {"acteurRef": "PA793964", "mandatRef": "PM796626", "parDelegation": "false"}, {"acteurRef": "PA794198", "mandatRef": "PM796776", "parDelegation": "false"}, {"acteurRef": "PA794314", "mandatRef": "PM796848", "parDelegation": "true"}, {"acteurRef": "PA794562", "mandatRef": "PM796995", "parDelegation": "false"}, {"acteurRef": "PA794570", "mandatRef": "PM796998", "parDelegation": "false"}, {"acteurRef": "PA794582", "mandatRef": "PM797004", "parDelegation": "false"}, {"acteurRef": "PA794638", "mandatRef": "PM797034", "parDelegation": "false"}, {"acteurRef": "PA795410", "mandatRef": "PM797472", "parDelegation": "false"}, {"acteurRef": "PA795900", "mandatRef": "PM797745", "parDelegation": "false"}, {"acteurRef": "PA721932", "mandatRef": "PM797361", "parDelegation": "false"}]}, "contres": null, "abstentions": null}}}, {"organeRef": "PO800490", "nombreMembresGroupe": "74", "vote": {"positionMajoritaire": "abstention", "decompteVoix": {"nonVotants": "0", "pour": "0", "contre": "0", "abstentions": "3", "nonVotantsVolontaires": "3"}, "decompteNominatif": {"nonVotants": null, "pours": null, "contres": null, "abstentions": {"votant": [{"acteurRef": "PA795596", "mandatRef": "PM797580", "parDelegation": "false"}, {"acteurRef": "PA794786", "mandatRef": "PM797118", "parDelegation": "false"}, {"acteurRef": "PA795746", "mandatRef": "PM797661", "parDelegation": "false"}]}}}}, {"organeRef": "PO800508", "nombreMembresGroupe": "62", "vote": {"positionMajoritaire": "pour", "decompteVoix": {"nonVotants": "0", "pour": "9", "contre": "0", "abstentions": "0", "nonVotantsVolontaires": "0"}, "decompteNominatif": {"nonVotants": null, "pours": {"votant": [{"acteurRef": "PA608826", "mandatRef": "PM797256", "parDelegation": "false"}, {"acteurRef": "PA721410", "mandatRef": "PM797316", "parDelegation": "false"}, {"acteurRef": "PA608016", "mandatRef": "PM797100", "parDelegation": "false"}, {"acteurRef": "PA719318", "mandatRef": "PM796470", "parDelegation": "false"}, {"acteurRef": "PA642847", "mandatRef": "PM796872", "parDelegation": "false"}, {"acteurRef": "PA720630", "mandatRef": "PM797094", "parDelegation": "false"}, {"acteurRef": "PA793476", "mandatRef": "PM796344", "parDelegation": "false"}, {"acteurRef": "PA794058", "mandatRef": "PM796686", "parDelegation": "false"}, {"acteurRef": "PA794914", "mandatRef": "PM797190", "parDelegation": "false"}]}, "contres": null, "abstentions": null}}}, {"organeRef": "PO800484", "nombreMembresGroupe": "51", "vote": {"positionMajoritaire": "contre", "decompteVoix": {"nonVotants": "1", "pour": "0", "contre": "13", "abstentions": "0", "nonVotantsVolontaires": "0"}, "decompteNominatif": {"nonVotants": {"votant": {"acteurRef": "PA719874", "mandatRef": "PM796674", "causePositionVote": "PSE"}}, "pours": null, "contres": {"votant": [{"acteurRef": "PA794114", "mandatRef": "PM796719", "parDelegation": "false"}, {"acteurRef": "PA719558", "mandatRef": "PM796554", "parDelegation": "false"}, {"acteurRef": "PA720092", "mandatRef": "PM796857", "parDelegation": "false"}, {"acteurRef": "PA720772", "mandatRef": "PM797169", "parDelegation": "false"}, {"acteurRef": "PA721234", "mandatRef": "PM797451", "parDelegation": "false"}, {"acteurRef": "PA793122", "mandatRef": "PM796161", "parDelegation": "false"}, {"acteurRef": "PA793520", "mandatRef": "PM796377", "parDelegation": "false"}, {"acteurRef": "PA794702", "mandatRef": "PM797070", "parDelegation": "false"}, {"acteurRef": "PA795100", "mandatRef": "PM797301", "parDelegation": "false"}, {"acteurRef": "PA795120", "mandatRef": "PM797310", "parDelegation": "false"}, {"acteurRef": "PA720006", "mandatRef": "PM803286", "parDelegation": "false"}, {"acteurRef": "PA794194", "mandatRef": "PM802639", "parDelegation": "false"}, {"acteurRef": "PA793792", "mandatRef": "PM803292", "parDelegation": "false"}]}, "abstentions": null}}}, {"organeRef": "PO800496", "nombreMembresGroupe": "30", "vote": {"positionMajoritaire": "pour", "decompteVoix": {"nonVotants": "0", "pour": "5", "contre": "0", "abstentions": "0", "nonVotantsVolontaires": "0"}, "decompteNominatif": {"nonVotants": null, "pours": {"votant": [{"acteurRef": "PA793624", "mandatRef": "PM796440", "parDelegation": "false"}, {"acteurRef": "PA643143", "mandatRef": "PM797646", "parDelegation": "false"}, {"acteurRef": "PA795762", "mandatRef": "PM797670", "parDelegation": "false"}, {"acteurRef": "PA643192", "mandatRef": "PM797097", "parDelegation": "false"}, {"acteurRef": "PA774958", "mandatRef": "PM797355", "parDelegation": "false"}]}, "contres": null, "abstentions": null}}}, {"organeRef": "PO800514", "nombreMembresGroupe": "29", "vote": {"positionMajoritaire": "pour", "decompteVoix": {"nonVotants": "0", "pour": "5", "contre": "0", "abstentions": "0", "nonVotantsVolontaires": "0"}, "decompteNominatif": {"nonVotants": null, "pours": {"votant": [{"acteurRef": "PA332228", "mandatRef": "PM796704", "parDelegation": "false"}, {"acteurRef": "PA720230", "mandatRef": "PM796833", "parDelegation": "false"}, {"acteurRef": "PA719778", "mandatRef": "PM796713", "parDelegation": "false"}, {"acteurRef": "PA794470", "mandatRef": "PM796947", "parDelegation": "false"}, {"acteurRef": "PA719382", "mandatRef": "PM796452", "parDelegation": "false"}]}, "contres": null, "abstentions": null}}}, {"organeRef": "PO800526", "nombreMembresGroupe": "23", "vote": {"positionMajoritaire": "contre", "decompteVoix": {"nonVotants": "0", "pour": "0", "contre": "2", "abstentions": "0", "nonVotantsVolontaires": "0"}, "decompteNominatif": {"nonVotants": null, "pours": null, "contres": {"votant": [{"acteurRef": "PA793664", "mandatRef": "PM796467", "parDelegation": "false"}, {"acteurRef": "PA795058", "mandatRef": "PM797277", "parDelegation": "false"}]}, "abstentions": null}}}, {"organeRef": "PO800502", "nombreMembresGroupe": "22", "vote": {"positionMajoritaire": "pour", "decompteVoix": {"nonVotants": "0", "pour": "0", "contre": "0", "abstentions": "0", "nonVotantsVolontaires": "0"}, "decompteNominatif": {"nonVotants": null, "pours": null, "contres": null, "abstentions": null}}}, {"organeRef": "PO800532", "nombreMembresGroupe": "20", "vote": {"positionMajoritaire": "pour", "decompteVoix": {"nonVotants": "0", "pour": "0", "contre": "0", "abstentions": "0", "nonVotantsVolontaires": "0"}, "decompteNominatif": {"nonVotants": null, "pours": null, "contres": null, "abstentions": null}}}, {"organeRef": "PO793087", "nombreMembresGroupe": "5", "vote": {"positionMajoritaire": "pour", "decompteVoix": {"nonVotants": "0", "pour": "0", "contre": "0", "abstentions": "0", "nonVotantsVolontaires": "0"}, "decompteNominatif": {"nonVotants": null, "pours": null, "contres": null, "abstentions": null}}}]}}}, "miseAuPoint": null}}