{"scrutin": {"@xmlns": "http://schemas.assemblee-nationale.fr/referentiel", "@xmlns:xsi": "http://www.w3.org/2001/XMLSchema-instance", "uid": "VTANR5L16V490", "numero": "490", "organeRef": "PO791932", "legislature": "16", "sessionRef": "SCR5A2023O1", "seanceRef": "RUANR5L16S2023IDS26424", "dateScrutin": "2022-10-31", "quantiemeJourSeance": "2", "typeVote": {"codeTypeVote": "SPO", "libelleTypeVote": "scrutin public ordinaire", "typeMajorite": "majorit\u00e9 absolue des suffrages exprim\u00e9s"}, "sort": {"code": "adopt\u00e9", "libelle": "l'Assembl\u00e9e nationale a adopt\u00e9"}, "titre": "l'amendement n\u00b0 2200 de Mme Battistel \u00e0 l'article 27 et \u00c9tat B de la seconde partie du projet de loi de finances pour 2023 (premi\u00e8re lecture) - Mission \u00c9cologie, d\u00e9veloppement et mobilit\u00e9s durables.", "demandeur": {"texte": "Pr\u00e9sident du groupe \"Socialistes et apparent\u00e9s (membre de l'intergroupe NUPES)\"", "referenceLegislative": null}, "objet": {"libelle": "l'amendement n\u00b0 2200 de Mme Battistel \u00e0 l'article 27 et \u00c9tat B de la seconde partie du projet de loi de finances pour 2023 (premi\u00e8re lecture) - Mission \u00c9cologie, d\u00e9veloppement et mobilit\u00e9s durables.", "referenceLegislative": null}, "modePublicationDesVotes": "DecompteNominatif", "syntheseVote": {"nombreVotants": "139", "suffragesExprimes": "139", "nbrSuffragesRequis": "70", "annonce": "l'Assembl\u00e9e nationale a adopt\u00e9", "decompte": {"nonVotants": "1", "pour": "88", "contre": "51", "abstentions": "0", "nonVotantsVolontaires": "0"}}, "ventilationVotes": {"organe": {"organeRef": "PO791932", "groupes": {"groupe": [{"organeRef": "PO800538", "nombreMembresGroupe": "170", "vote": {"positionMajoritaire": "contre", "decompteVoix": {"nonVotants": "0", "pour": "0", "contre": "42", "abstentions": "0", "nonVotantsVolontaires": "0"}, "decompteNominatif": {"nonVotants": null, "pours": null, "contres": {"votant": [{"acteurRef": "PA345722", "mandatRef": "PM797718", "parDelegation": "false"}, {"acteurRef": "PA721722", "mandatRef": "PM797502", "parDelegation": "false"}, {"acteurRef": "PA795386", "mandatRef": "PM797454", "parDelegation": "false"}, {"acteurRef": "PA794802", "mandatRef": "PM797127", "parDelegation": "false"}, {"acteurRef": "PA717379", "mandatRef": "PM797265", "parDelegation": "false"}, {"acteurRef": "PA718962", "mandatRef": "PM796278", "parDelegation": "false"}, {"acteurRef": "PA719108", "mandatRef": "PM796410", "parDelegation": "true"}, {"acteurRef": "PA719338", "mandatRef": "PM796545", "parDelegation": "false"}, {"acteurRef": "PA719372", "mandatRef": "PM796446", "parDelegation": "false"}, {"acteurRef": "PA719472", "mandatRef": "PM796533", "parDelegation": "false"}, {"acteurRef": "PA719550", "mandatRef": "PM796551", "parDelegation": "false"}, {"acteurRef": "PA719632", "mandatRef": "PM796572", "parDelegation": "false"}, {"acteurRef": "PA719718", "mandatRef": "PM796692", "parDelegation": "false"}, {"acteurRef": "PA719798", "mandatRef": "PM796638", "parDelegation": "false"}, {"acteurRef": "PA719890", "mandatRef": "PM796680", "parDelegation": "false"}, {"acteurRef": "PA720014", "mandatRef": "PM796863", "parDelegation": "false"}, {"acteurRef": "PA720022", "mandatRef": "PM796866", "parDelegation": "false"}, {"acteurRef": "PA721004", "mandatRef": "PM797496", "parDelegation": "false"}, {"acteurRef": "PA721024", "mandatRef": "PM797592", "parDelegation": "false"}, {"acteurRef": "PA721150", "mandatRef": "PM797427", "parDelegation": "false"}, {"acteurRef": "PA721426", "mandatRef": "PM797322", "parDelegation": "true"}, {"acteurRef": "PA722038", "mandatRef": "PM797847", "parDelegation": "false"}, {"acteurRef": "PA722046", "mandatRef": "PM797625", "parDelegation": "true"}, {"acteurRef": "PA722366", "mandatRef": "PM797193", "parDelegation": "false"}, {"acteurRef": "PA794330", "mandatRef": "PM796854", "parDelegation": "false"}, {"acteurRef": "PA794450", "mandatRef": "PM796938", "parDelegation": "false"}, {"acteurRef": "PA794974", "mandatRef": "PM797223", "parDelegation": "false"}, {"acteurRef": "PA795144", "mandatRef": "PM797325", "parDelegation": "false"}, {"acteurRef": "PA795176", "mandatRef": "PM797343", "parDelegation": "false"}, {"acteurRef": "PA721482", "mandatRef": "PM797514", "parDelegation": "false"}, {"acteurRef": "PA795508", "mandatRef": "PM797526", "parDelegation": "true"}, {"acteurRef": "PA795652", "mandatRef": "PM797607", "parDelegation": "false"}, {"acteurRef": "PA795864", "mandatRef": "PM797721", "parDelegation": "false"}, {"acteurRef": "PA795884", "mandatRef": "PM797733", "parDelegation": "false"}, {"acteurRef": "PA795950", "mandatRef": "PM797775", "parDelegation": "false"}, {"acteurRef": "PA795958", "mandatRef": "PM797778", "parDelegation": "false"}, {"acteurRef": "PA642695", "mandatRef": "PM796389", "parDelegation": "false"}, {"acteurRef": "PA721632", "mandatRef": "PM802647", "parDelegation": "false"}, {"acteurRef": "PA721170", "mandatRef": "PM797463", "parDelegation": "false"}, {"acteurRef": "PA795046", "mandatRef": "PM802641", "parDelegation": "false"}, {"acteurRef": "PA795068", "mandatRef": "PM802649", "parDelegation": "false"}, {"acteurRef": "PA721828", "mandatRef": "PM802651", "parDelegation": "false"}]}, "abstentions": null}}}, {"organeRef": "PO800520", "nombreMembresGroupe": "89", "vote": {"positionMajoritaire": "pour", "decompteVoix": {"nonVotants": "1", "pour": "38", "contre": "0", "abstentions": "0", "nonVotantsVolontaires": "0"}, "decompteNominatif": {"nonVotants": {"votant": {"acteurRef": "PA720468", "mandatRef": "PM796983", "causePositionVote": "PSE"}}, "pours": {"votant": [{"acteurRef": "PA794418", "mandatRef": "PM796914", "parDelegation": "true"}, {"acteurRef": "PA793382", "mandatRef": "PM796293", "parDelegation": "false"}, {"acteurRef": "PA720614", "mandatRef": "PM797055", "parDelegation": "false"}, {"acteurRef": "PA795552", "mandatRef": "PM797547", "parDelegation": "true"}, {"acteurRef": "PA793432", "mandatRef": "PM796323", "parDelegation": "false"}, {"acteurRef": "PA795778", "mandatRef": "PM797682", "parDelegation": "false"}, {"acteurRef": "PA794670", "mandatRef": "PM797049", "parDelegation": "false"}, {"acteurRef": "PA794590", "mandatRef": "PM797007", "parDelegation": "false"}, {"acteurRef": "PA793146", "mandatRef": "PM796173", "parDelegation": "false"}, {"acteurRef": "PA793218", "mandatRef": "PM796215", "parDelegation": "false"}, {"acteurRef": "PA793230", "mandatRef": "PM796221", "parDelegation": "false"}, {"acteurRef": "PA793314", "mandatRef": "PM796257", "parDelegation": "false"}, {"acteurRef": "PA793362", "mandatRef": "PM796284", "parDelegation": "false"}, {"acteurRef": "PA793616", "mandatRef": "PM796437", "parDelegation": "false"}, {"acteurRef": "PA793632", "mandatRef": "PM796443", "parDelegation": "false"}, {"acteurRef": "PA793672", "mandatRef": "PM796473", "parDelegation": "false"}, {"acteurRef": "PA793696", "mandatRef": "PM796482", "parDelegation": "false"}, {"acteurRef": "PA793844", "mandatRef": "PM796563", "parDelegation": "false"}, {"acteurRef": "PA793852", "mandatRef": "PM796566", "parDelegation": "false"}, {"acteurRef": "PA793928", "mandatRef": "PM796608", "parDelegation": "false"}, {"acteurRef": "PA794222", "mandatRef": "PM796785", "parDelegation": "false"}, {"acteurRef": "PA794314", "mandatRef": "PM796848", "parDelegation": "false"}, {"acteurRef": "PA794322", "mandatRef": "PM796851", "parDelegation": "false"}, {"acteurRef": "PA794434", "mandatRef": "PM796920", "parDelegation": "false"}, {"acteurRef": "PA794522", "mandatRef": "PM796971", "parDelegation": "false"}, {"acteurRef": "PA794538", "mandatRef": "PM796977", "parDelegation": "false"}, {"acteurRef": "PA794562", "mandatRef": "PM796995", "parDelegation": "false"}, {"acteurRef": "PA794570", "mandatRef": "PM796998", "parDelegation": "false"}, {"acteurRef": "PA794582", "mandatRef": "PM797004", "parDelegation": "false"}, {"acteurRef": "PA794598", "mandatRef": "PM797010", "parDelegation": "false"}, {"acteurRef": "PA794734", "mandatRef": "PM797091", "parDelegation": "false"}, {"acteurRef": "PA794954", "mandatRef": "PM797208", "parDelegation": "false"}, {"acteurRef": "PA795410", "mandatRef": "PM797472", "parDelegation": "false"}, {"acteurRef": "PA795540", "mandatRef": "PM797541", "parDelegation": "false"}, {"acteurRef": "PA795644", "mandatRef": "PM797604", "parDelegation": "false"}, {"acteurRef": "PA795900", "mandatRef": "PM797745", "parDelegation": "false"}, {"acteurRef": "PA796042", "mandatRef": "PM797820", "parDelegation": "false"}, {"acteurRef": "PA719436", "mandatRef": "PM796560", "parDelegation": "false"}]}, "contres": null, "abstentions": null}}}, {"organeRef": "PO800490", "nombreMembresGroupe": "75", "vote": {"positionMajoritaire": "pour", "decompteVoix": {"nonVotants": "0", "pour": "33", "contre": "0", "abstentions": "0", "nonVotantsVolontaires": "0"}, "decompteNominatif": {"nonVotants": null, "pours": {"votant": [{"acteurRef": "PA588884", "mandatRef": "PM797373", "parDelegation": "false"}, {"acteurRef": "PA718860", "mandatRef": "PM796209", "parDelegation": "false"}, {"acteurRef": "PA720422", "mandatRef": "PM797022", "parDelegation": "true"}, {"acteurRef": "PA720430", "mandatRef": "PM797025", "parDelegation": "false"}, {"acteurRef": "PA720892", "mandatRef": "PM797520", "parDelegation": "false"}, {"acteurRef": "PA721062", "mandatRef": "PM797799", "parDelegation": "false"}, {"acteurRef": "PA721202", "mandatRef": "PM797826", "parDelegation": "false"}, {"acteurRef": "PA721960", "mandatRef": "PM797811", "parDelegation": "false"}, {"acteurRef": "PA722142", "mandatRef": "PM797673", "parDelegation": "false"}, {"acteurRef": "PA794478", "mandatRef": "PM796950", "parDelegation": "false"}, {"acteurRef": "PA795982", "mandatRef": "PM797787", "parDelegation": "false"}, {"acteurRef": "PA795596", "mandatRef": "PM797580", "parDelegation": "false"}, {"acteurRef": "PA795672", "mandatRef": "PM797616", "parDelegation": "true"}, {"acteurRef": "PA791824", "mandatRef": "PM797808", "parDelegation": "false"}, {"acteurRef": "PA793444", "mandatRef": "PM796329", "parDelegation": "false"}, {"acteurRef": "PA793452", "mandatRef": "PM796332", "parDelegation": "false"}, {"acteurRef": "PA793464", "mandatRef": "PM796338", "parDelegation": "false"}, {"acteurRef": "PA793744", "mandatRef": "PM796506", "parDelegation": "false"}, {"acteurRef": "PA793756", "mandatRef": "PM796512", "parDelegation": "false"}, {"acteurRef": "PA793884", "mandatRef": "PM796587", "parDelegation": "false"}, {"acteurRef": "PA794166", "mandatRef": "PM796749", "parDelegation": "false"}, {"acteurRef": "PA794786", "mandatRef": "PM797118", "parDelegation": "false"}, {"acteurRef": "PA794870", "mandatRef": "PM797172", "parDelegation": "true"}, {"acteurRef": "PA795200", "mandatRef": "PM797352", "parDelegation": "false"}, {"acteurRef": "PA795228", "mandatRef": "PM797370", "parDelegation": "false"}, {"acteurRef": "PA795310", "mandatRef": "PM797415", "parDelegation": "false"}, {"acteurRef": "PA795318", "mandatRef": "PM797418", "parDelegation": "false"}, {"acteurRef": "PA795482", "mandatRef": "PM797508", "parDelegation": "false"}, {"acteurRef": "PA795616", "mandatRef": "PM797589", "parDelegation": "false"}, {"acteurRef": "PA795746", "mandatRef": "PM797661", "parDelegation": "false"}, {"acteurRef": "PA796018", "mandatRef": "PM797805", "parDelegation": "false"}, {"acteurRef": "PA796062", "mandatRef": "PM797832", "parDelegation": "false"}, {"acteurRef": "PA796090", "mandatRef": "PM797844", "parDelegation": "false"}]}, "contres": null, "abstentions": null}}}, {"organeRef": "PO800508", "nombreMembresGroupe": "62", "vote": {"positionMajoritaire": "pour", "decompteVoix": {"nonVotants": "0", "pour": "0", "contre": "0", "abstentions": "0", "nonVotantsVolontaires": "0"}, "decompteNominatif": {"nonVotants": null, "pours": null, "contres": null, "abstentions": null}}}, {"organeRef": "PO800484", "nombreMembresGroupe": "51", "vote": {"positionMajoritaire": "contre", "decompteVoix": {"nonVotants": "0", "pour": "0", "contre": "5", "abstentions": "0", "nonVotantsVolontaires": "0"}, "decompteNominatif": {"nonVotants": null, "pours": null, "contres": {"votant": [{"acteurRef": "PA721530", "mandatRef": "PM797433", "parDelegation": "false"}, {"acteurRef": "PA722162", "mandatRef": "PM797475", "parDelegation": "false"}, {"acteurRef": "PA793520", "mandatRef": "PM796377", "parDelegation": "false"}, {"acteurRef": "PA795258", "mandatRef": "PM797385", "parDelegation": "false"}, {"acteurRef": "PA793860", "mandatRef": "PM803290", "parDelegation": "false"}]}, "abstentions": null}}}, {"organeRef": "PO800496", "nombreMembresGroupe": "31", "vote": {"positionMajoritaire": "pour", "decompteVoix": {"nonVotants": "0", "pour": "3", "contre": "0", "abstentions": "0", "nonVotantsVolontaires": "0"}, "decompteNominatif": {"nonVotants": null, "pours": {"votant": [{"acteurRef": "PA793624", "mandatRef": "PM796440", "parDelegation": "false"}, {"acteurRef": "PA643192", "mandatRef": "PM797097", "parDelegation": "false"}, {"acteurRef": "PA774958", "mandatRef": "PM797355", "parDelegation": "false"}]}, "contres": null, "abstentions": null}}}, {"organeRef": "PO800514", "nombreMembresGroupe": "30", "vote": {"positionMajoritaire": "contre", "decompteVoix": {"nonVotants": "0", "pour": "0", "contre": "3", "abstentions": "0", "nonVotantsVolontaires": "0"}, "decompteNominatif": {"nonVotants": null, "pours": null, "contres": {"votant": [{"acteurRef": "PA793992", "mandatRef": "PM796641", "parDelegation": "false"}, {"acteurRef": "PA794234", "mandatRef": "PM796791", "parDelegation": "false"}, {"acteurRef": "PA794470", "mandatRef": "PM796947", "parDelegation": "false"}]}, "abstentions": null}}}, {"organeRef": "PO800526", "nombreMembresGroupe": "23", "vote": {"positionMajoritaire": "pour", "decompteVoix": {"nonVotants": "0", "pour": "12", "contre": "0", "abstentions": "0", "nonVotantsVolontaires": "0"}, "decompteNominatif": {"nonVotants": null, "pours": {"votant": [{"acteurRef": "PA610002", "mandatRef": "PM797286", "parDelegation": "false"}, {"acteurRef": "PA794022", "mandatRef": "PM796662", "parDelegation": "false"}, {"acteurRef": "PA794008", "mandatRef": "PM796653", "parDelegation": "false"}, {"acteurRef": "PA793948", "mandatRef": "PM796617", "parDelegation": "false"}, {"acteurRef": "PA793664", "mandatRef": "PM796467", "parDelegation": "false"}, {"acteurRef": "PA793780", "mandatRef": "PM796527", "parDelegation": "false"}, {"acteurRef": "PA794146", "mandatRef": "PM796737", "parDelegation": "false"}, {"acteurRef": "PA794778", "mandatRef": "PM797115", "parDelegation": "false"}, {"acteurRef": "PA795076", "mandatRef": "PM797289", "parDelegation": "false"}, {"acteurRef": "PA795454", "mandatRef": "PM797493", "parDelegation": "false"}, {"acteurRef": "PA795636", "mandatRef": "PM797601", "parDelegation": "false"}, {"acteurRef": "PA795808", "mandatRef": "PM797694", "parDelegation": "false"}]}, "contres": null, "abstentions": null}}}, {"organeRef": "PO800502", "nombreMembresGroupe": "22", "vote": {"positionMajoritaire": "pour", "decompteVoix": {"nonVotants": "0", "pour": "1", "contre": "0", "abstentions": "0", "nonVotantsVolontaires": "0"}, "decompteNominatif": {"nonVotants": null, "pours": {"votant": {"acteurRef": "PA721896", "mandatRef": "PM797664", "parDelegation": "false"}}, "contres": null, "abstentions": null}}}, {"organeRef": "PO800532", "nombreMembresGroupe": "20", "vote": {"positionMajoritaire": "pour", "decompteVoix": {"nonVotants": "0", "pour": "1", "contre": "1", "abstentions": "0", "nonVotantsVolontaires": "0"}, "decompteNominatif": {"nonVotants": null, "pours": {"votant": {"acteurRef": "PA793796", "mandatRef": "PM796536", "parDelegation": "false"}}, "contres": {"votant": {"acteurRef": "PA333421", "mandatRef": "PM796881", "parDelegation": "false"}}, "abstentions": null}}}, {"organeRef": "PO793087", "nombreMembresGroupe": "4", "vote": {"positionMajoritaire": "pour", "decompteVoix": {"nonVotants": "0", "pour": "0", "contre": "0", "abstentions": "0", "nonVotantsVolontaires": "0"}, "decompteNominatif": {"nonVotants": null, "pours": null, "contres": null, "abstentions": null}}}]}}}, "miseAuPoint": null}}