{"scrutin": {"@xmlns": "http://schemas.assemblee-nationale.fr/referentiel", "@xmlns:xsi": "http://www.w3.org/2001/XMLSchema-instance", "uid": "VTANR5L16V13", "numero": "13", "organeRef": "PO791932", "legislature": "16", "sessionRef": "SCR5A2022E1", "seanceRef": "RUANR5L16S2022IDS26201", "dateScrutin": "2022-07-12", "quantiemeJourSeance": "2", "typeVote": {"codeTypeVote": "SPO", "libelleTypeVote": "scrutin public ordinaire", "typeMajorite": "majorit\u00e9 absolue des suffrages exprim\u00e9s"}, "sort": {"code": "rejet\u00e9", "libelle": "L'Assembl\u00e9e nationale n'a pas adopt\u00e9"}, "titre": "l'article 2 du projet de loi maintenant provisoirement un dispositif de veille et de s\u00e9curit\u00e9 sanitaire en mati\u00e8re de lutte contre la covid-19 (premi\u00e8re lecture).", "demandeur": {"texte": "Pr\u00e9sident du groupe \"La France insoumise - Nouvelle Union Populaire \u00e9cologique et sociale\"\rPr\u00e9sident du groupe \"Gauche d\u00e9mocrate et r\u00e9publicaine - NUPES\"", "referenceLegislative": null}, "objet": {"libelle": "l'article 2 du projet de loi maintenant provisoirement un dispositif de veille et de s\u00e9curit\u00e9 sanitaire en mati\u00e8re de lutte contre la covid-19 (premi\u00e8re lecture).", "referenceLegislative": null}, "modePublicationDesVotes": "DecompteNominatif", "syntheseVote": {"nombreVotants": "437", "suffragesExprimes": "414", "nbrSuffragesRequis": "208", "annonce": "L'Assembl\u00e9e nationale n'a pas adopt\u00e9", "decompte": {"nonVotants": "1", "pour": "195", "contre": "219", "abstentions": "23", "nonVotantsVolontaires": "0"}}, "ventilationVotes": {"organe": {"organeRef": "PO791932", "groupes": {"groupe": [{"organeRef": "PO800538", "nombreMembresGroupe": "172", "vote": {"positionMajoritaire": "pour", "decompteVoix": {"nonVotants": "0", "pour": "133", "contre": "0", "abstentions": "0", "nonVotantsVolontaires": "0"}, "decompteNominatif": {"nonVotants": null, "pours": {"votant": [{"acteurRef": "PA345722", "mandatRef": "PM797718", "parDelegation": "false"}, {"acteurRef": "PA721262", "mandatRef": "PM797550", "parDelegation": "false"}, {"acteurRef": "PA643184", "mandatRef": "PM797142", "parDelegation": "false"}, {"acteurRef": "PA722398", "mandatRef": "PM797217", "parDelegation": "false"}, {"acteurRef": "PA340643", "mandatRef": "PM796335", "parDelegation": "false"}, {"acteurRef": "PA2449", "mandatRef": "PM797046", "parDelegation": "false"}, {"acteurRef": "PA793194", "mandatRef": "PM796200", "parDelegation": "false"}, {"acteurRef": "PA719118", "mandatRef": "PM796416", "parDelegation": "false"}, {"acteurRef": "PA267336", "mandatRef": "PM796152", "parDelegation": "false"}, {"acteurRef": "PA2960", "mandatRef": "PM797001", "parDelegation": "false"}, {"acteurRef": "PA721880", "mandatRef": "PM797640", "parDelegation": "false"}, {"acteurRef": "PA331835", "mandatRef": "PM796518", "parDelegation": "false"}, {"acteurRef": "PA334116", "mandatRef": "PM797037", "parDelegation": "false"}, {"acteurRef": "PA721722", "mandatRef": "PM797502", "parDelegation": "false"}, {"acteurRef": "PA795386", "mandatRef": "PM797454", "parDelegation": "false"}, {"acteurRef": "PA794802", "mandatRef": "PM797127", "parDelegation": "false"}, {"acteurRef": "PA605963", "mandatRef": "PM796494", "parDelegation": "false"}, {"acteurRef": "PA606507", "mandatRef": "PM796605", "parDelegation": "false"}, {"acteurRef": "PA607193", "mandatRef": "PM796839", "parDelegation": "false"}, {"acteurRef": "PA607395", "mandatRef": "PM796818", "parDelegation": "false"}, {"acteurRef": "PA721296", "mandatRef": "PM797457", "parDelegation": "false"}, {"acteurRef": "PA721852", "mandatRef": "PM797565", "parDelegation": "false"}, {"acteurRef": "PA267318", "mandatRef": "PM797307", "parDelegation": "false"}, {"acteurRef": "PA717379", "mandatRef": "PM797265", "parDelegation": "false"}, {"acteurRef": "PA718674", "mandatRef": "PM796164", "parDelegation": "false"}, {"acteurRef": "PA718710", "mandatRef": "PM796149", "parDelegation": "false"}, {"acteurRef": "PA677483", "mandatRef": "PM796233", "parDelegation": "false"}, {"acteurRef": "PA718910", "mandatRef": "PM796245", "parDelegation": "false"}, {"acteurRef": "PA718930", "mandatRef": "PM796287", "parDelegation": "false"}, {"acteurRef": "PA718962", "mandatRef": "PM796278", "parDelegation": "false"}, {"acteurRef": "PA719006", "mandatRef": "PM796296", "parDelegation": "false"}, {"acteurRef": "PA719032", "mandatRef": "PM796308", "parDelegation": "false"}, {"acteurRef": "PA719080", "mandatRef": "PM796395", "parDelegation": "false"}, {"acteurRef": "PA719108", "mandatRef": "PM796410", "parDelegation": "true"}, {"acteurRef": "PA719154", "mandatRef": "PM796362", "parDelegation": "false"}, {"acteurRef": "PA719186", "mandatRef": "PM796368", "parDelegation": "false"}, {"acteurRef": "PA719202", "mandatRef": "PM796374", "parDelegation": "false"}, {"acteurRef": "PA719294", "mandatRef": "PM796431", "parDelegation": "false"}, {"acteurRef": "PA719338", "mandatRef": "PM796545", "parDelegation": "false"}, {"acteurRef": "PA719372", "mandatRef": "PM796446", "parDelegation": "false"}, {"acteurRef": "PA719388", "mandatRef": "PM796458", "parDelegation": "false"}, {"acteurRef": "PA719404", "mandatRef": "PM796539", "parDelegation": "false"}, {"acteurRef": "PA719472", "mandatRef": "PM796533", "parDelegation": "false"}, {"acteurRef": "PA719512", "mandatRef": "PM796509", "parDelegation": "false"}, {"acteurRef": "PA719550", "mandatRef": "PM796551", "parDelegation": "false"}, {"acteurRef": "PA719600", "mandatRef": "PM796629", "parDelegation": "false"}, {"acteurRef": "PA719756", "mandatRef": "PM796701", "parDelegation": "false"}, {"acteurRef": "PA719798", "mandatRef": "PM796638", "parDelegation": "false"}, {"acteurRef": "PA719814", "mandatRef": "PM796644", "parDelegation": "false"}, {"acteurRef": "PA719866", "mandatRef": "PM796671", "parDelegation": "false"}, {"acteurRef": "PA719882", "mandatRef": "PM796677", "parDelegation": "false"}, {"acteurRef": "PA719890", "mandatRef": "PM796680", "parDelegation": "false"}, {"acteurRef": "PA719922", "mandatRef": "PM796767", "parDelegation": "false"}, {"acteurRef": "PA720014", "mandatRef": "PM796863", "parDelegation": "false"}, {"acteurRef": "PA720022", "mandatRef": "PM796866", "parDelegation": "false"}, {"acteurRef": "PA720066", "mandatRef": "PM796842", "parDelegation": "false"}, {"acteurRef": "PA720138", "mandatRef": "PM796800", "parDelegation": "false"}, {"acteurRef": "PA720146", "mandatRef": "PM796803", "parDelegation": "false"}, {"acteurRef": "PA720154", "mandatRef": "PM796806", "parDelegation": "false"}, {"acteurRef": "PA720190", "mandatRef": "PM796815", "parDelegation": "false"}, {"acteurRef": "PA720222", "mandatRef": "PM796830", "parDelegation": "false"}, {"acteurRef": "PA720342", "mandatRef": "PM796887", "parDelegation": "false"}, {"acteurRef": "PA720354", "mandatRef": "PM796896", "parDelegation": "false"}, {"acteurRef": "PA720362", "mandatRef": "PM796899", "parDelegation": "false"}, {"acteurRef": "PA720370", "mandatRef": "PM796902", "parDelegation": "false"}, {"acteurRef": "PA720414", "mandatRef": "PM797019", "parDelegation": "false"}, {"acteurRef": "PA720446", "mandatRef": "PM797031", "parDelegation": "false"}, {"acteurRef": "PA720480", "mandatRef": "PM796944", "parDelegation": "false"}, {"acteurRef": "PA720754", "mandatRef": "PM797121", "parDelegation": "false"}, {"acteurRef": "PA720862", "mandatRef": "PM797412", "parDelegation": "false"}, {"acteurRef": "PA720900", "mandatRef": "PM797553", "parDelegation": "false"}, {"acteurRef": "PA721004", "mandatRef": "PM797496", "parDelegation": "false"}, {"acteurRef": "PA721024", "mandatRef": "PM797592", "parDelegation": "false"}, {"acteurRef": "PA721094", "mandatRef": "PM797340", "parDelegation": "true"}, {"acteurRef": "PA721150", "mandatRef": "PM797427", "parDelegation": "false"}, {"acteurRef": "PA721158", "mandatRef": "PM797460", "parDelegation": "false"}, {"acteurRef": "PA721328", "mandatRef": "PM797250", "parDelegation": "false"}, {"acteurRef": "PA721426", "mandatRef": "PM797322", "parDelegation": "false"}, {"acteurRef": "PA721466", "mandatRef": "PM797268", "parDelegation": "false"}, {"acteurRef": "PA721522", "mandatRef": "PM797430", "parDelegation": "false"}, {"acteurRef": "PA721584", "mandatRef": "PM797712", "parDelegation": "false"}, {"acteurRef": "PA721710", "mandatRef": "PM797505", "parDelegation": "false"}, {"acteurRef": "PA721750", "mandatRef": "PM797715", "parDelegation": "false"}, {"acteurRef": "PA721844", "mandatRef": "PM797562", "parDelegation": "false"}, {"acteurRef": "PA722000", "mandatRef": "PM797400", "parDelegation": "false"}, {"acteurRef": "PA722038", "mandatRef": "PM797847", "parDelegation": "false"}, {"acteurRef": "PA722046", "mandatRef": "PM797625", "parDelegation": "false"}, {"acteurRef": "PA722054", "mandatRef": "PM797598", "parDelegation": "false"}, {"acteurRef": "PA722070", "mandatRef": "PM797406", "parDelegation": "false"}, {"acteurRef": "PA722102", "mandatRef": "PM797850", "parDelegation": "false"}, {"acteurRef": "PA722150", "mandatRef": "PM797445", "parDelegation": "false"}, {"acteurRef": "PA722292", "mandatRef": "PM797241", "parDelegation": "false"}, {"acteurRef": "PA722358", "mandatRef": "PM797235", "parDelegation": "false"}, {"acteurRef": "PA722366", "mandatRef": "PM797193", "parDelegation": "false"}, {"acteurRef": "PA794930", "mandatRef": "PM797199", "parDelegation": "false"}, {"acteurRef": "PA795920", "mandatRef": "PM797754", "parDelegation": "false"}, {"acteurRef": "PA793270", "mandatRef": "PM796239", "parDelegation": "false"}, {"acteurRef": "PA793278", "mandatRef": "PM796242", "parDelegation": "false"}, {"acteurRef": "PA793500", "mandatRef": "PM796365", "parDelegation": "false"}, {"acteurRef": "PA793588", "mandatRef": "PM796422", "parDelegation": "false"}, {"acteurRef": "PA793876", "mandatRef": "PM796584", "parDelegation": "false"}, {"acteurRef": "PA793940", "mandatRef": "PM796614", "parDelegation": "false"}, {"acteurRef": "PA794206", "mandatRef": "PM796779", "parDelegation": "false"}, {"acteurRef": "PA794214", "mandatRef": "PM796782", "parDelegation": "false"}, {"acteurRef": "PA794330", "mandatRef": "PM796854", "parDelegation": "false"}, {"acteurRef": "PA794386", "mandatRef": "PM796893", "parDelegation": "false"}, {"acteurRef": "PA794450", "mandatRef": "PM796938", "parDelegation": "false"}, {"acteurRef": "PA794486", "mandatRef": "PM796953", "parDelegation": "false"}, {"acteurRef": "PA794510", "mandatRef": "PM796965", "parDelegation": "false"}, {"acteurRef": "PA794658", "mandatRef": "PM797043", "parDelegation": "false"}, {"acteurRef": "PA794878", "mandatRef": "PM797175", "parDelegation": "false"}, {"acteurRef": "PA794974", "mandatRef": "PM797223", "parDelegation": "false"}, {"acteurRef": "PA794982", "mandatRef": "PM797226", "parDelegation": "false"}, {"acteurRef": "PA795050", "mandatRef": "PM797274", "parDelegation": "false"}, {"acteurRef": "PA795144", "mandatRef": "PM797325", "parDelegation": "false"}, {"acteurRef": "PA795176", "mandatRef": "PM797343", "parDelegation": "true"}, {"acteurRef": "PA795330", "mandatRef": "PM797424", "parDelegation": "false"}, {"acteurRef": "PA721482", "mandatRef": "PM797514", "parDelegation": "false"}, {"acteurRef": "PA795508", "mandatRef": "PM797526", "parDelegation": "false"}, {"acteurRef": "PA795528", "mandatRef": "PM797535", "parDelegation": "false"}, {"acteurRef": "PA795652", "mandatRef": "PM797607", "parDelegation": "false"}, {"acteurRef": "PA795664", "mandatRef": "PM797613", "parDelegation": "false"}, {"acteurRef": "PA795730", "mandatRef": "PM797652", "parDelegation": "false"}, {"acteurRef": "PA795864", "mandatRef": "PM797721", "parDelegation": "false"}, {"acteurRef": "PA795884", "mandatRef": "PM797733", "parDelegation": "false"}, {"acteurRef": "PA795908", "mandatRef": "PM797748", "parDelegation": "false"}, {"acteurRef": "PA795926", "mandatRef": "PM797757", "parDelegation": "false"}, {"acteurRef": "PA795950", "mandatRef": "PM797775", "parDelegation": "false"}, {"acteurRef": "PA795958", "mandatRef": "PM797778", "parDelegation": "false"}, {"acteurRef": "PA795990", "mandatRef": "PM797793", "parDelegation": "false"}, {"acteurRef": "PA642695", "mandatRef": "PM796389", "parDelegation": "false"}, {"acteurRef": "PA719910", "mandatRef": "PM796728", "parDelegation": "false"}, {"acteurRef": "PA721170", "mandatRef": "PM797463", "parDelegation": "false"}]}, "contres": null, "abstentions": null}}}, {"organeRef": "PO800520", "nombreMembresGroupe": "89", "vote": {"positionMajoritaire": "contre", "decompteVoix": {"nonVotants": "0", "pour": "0", "contre": "76", "abstentions": "0", "nonVotantsVolontaires": "0"}, "decompteNominatif": {"nonVotants": null, "pours": null, "contres": {"votant": [{"acteurRef": "PA794418", "mandatRef": "PM796914", "parDelegation": "false"}, {"acteurRef": "PA720468", "mandatRef": "PM796983", "parDelegation": "false"}, {"acteurRef": "PA793382", "mandatRef": "PM796293", "parDelegation": "false"}, {"acteurRef": "PA795778", "mandatRef": "PM797682", "parDelegation": "false"}, {"acteurRef": "PA794670", "mandatRef": "PM797049", "parDelegation": "false"}, {"acteurRef": "PA794590", "mandatRef": "PM797007", "parDelegation": "false"}, {"acteurRef": "PA793102", "mandatRef": "PM796143", "parDelegation": "false"}, {"acteurRef": "PA793134", "mandatRef": "PM796167", "parDelegation": "false"}, {"acteurRef": "PA793146", "mandatRef": "PM796173", "parDelegation": "false"}, {"acteurRef": "PA793158", "mandatRef": "PM796182", "parDelegation": "false"}, {"acteurRef": "PA793166", "mandatRef": "PM796185", "parDelegation": "false"}, {"acteurRef": "PA793182", "mandatRef": "PM796191", "parDelegation": "false"}, {"acteurRef": "PA793218", "mandatRef": "PM796215", "parDelegation": "false"}, {"acteurRef": "PA793230", "mandatRef": "PM796221", "parDelegation": "false"}, {"acteurRef": "PA793238", "mandatRef": "PM796224", "parDelegation": "false"}, {"acteurRef": "PA793246", "mandatRef": "PM796227", "parDelegation": "false"}, {"acteurRef": "PA793254", "mandatRef": "PM796230", "parDelegation": "false"}, {"acteurRef": "PA793298", "mandatRef": "PM796251", "parDelegation": "false"}, {"acteurRef": "PA793314", "mandatRef": "PM796257", "parDelegation": "false"}, {"acteurRef": "PA793330", "mandatRef": "PM796263", "parDelegation": "false"}, {"acteurRef": "PA793362", "mandatRef": "PM796284", "parDelegation": "false"}, {"acteurRef": "PA793374", "mandatRef": "PM796290", "parDelegation": "false"}, {"acteurRef": "PA793548", "mandatRef": "PM796398", "parDelegation": "false"}, {"acteurRef": "PA793592", "mandatRef": "PM796425", "parDelegation": "false"}, {"acteurRef": "PA793608", "mandatRef": "PM796434", "parDelegation": "false"}, {"acteurRef": "PA793616", "mandatRef": "PM796437", "parDelegation": "false"}, {"acteurRef": "PA793632", "mandatRef": "PM796443", "parDelegation": "false"}, {"acteurRef": "PA793656", "mandatRef": "PM796464", "parDelegation": "false"}, {"acteurRef": "PA793672", "mandatRef": "PM796473", "parDelegation": "false"}, {"acteurRef": "PA793696", "mandatRef": "PM796482", "parDelegation": "false"}, {"acteurRef": "PA793832", "mandatRef": "PM796557", "parDelegation": "false"}, {"acteurRef": "PA793852", "mandatRef": "PM796566", "parDelegation": "false"}, {"acteurRef": "PA793892", "mandatRef": "PM796590", "parDelegation": "false"}, {"acteurRef": "PA793904", "mandatRef": "PM796596", "parDelegation": "false"}, {"acteurRef": "PA793928", "mandatRef": "PM796608", "parDelegation": "false"}, {"acteurRef": "PA793964", "mandatRef": "PM796626", "parDelegation": "false"}, {"acteurRef": "PA794198", "mandatRef": "PM796776", "parDelegation": "false"}, {"acteurRef": "PA794222", "mandatRef": "PM796785", "parDelegation": "false"}, {"acteurRef": "PA794286", "mandatRef": "PM796827", "parDelegation": "false"}, {"acteurRef": "PA794314", "mandatRef": "PM796848", "parDelegation": "false"}, {"acteurRef": "PA794322", "mandatRef": "PM796851", "parDelegation": "false"}, {"acteurRef": "PA794434", "mandatRef": "PM796920", "parDelegation": "false"}, {"acteurRef": "PA794442", "mandatRef": "PM796923", "parDelegation": "true"}, {"acteurRef": "PA794502", "mandatRef": "PM796962", "parDelegation": "false"}, {"acteurRef": "PA794530", "mandatRef": "PM796974", "parDelegation": "false"}, {"acteurRef": "PA794538", "mandatRef": "PM796977", "parDelegation": "false"}, {"acteurRef": "PA794562", "mandatRef": "PM796995", "parDelegation": "false"}, {"acteurRef": "PA794570", "mandatRef": "PM796998", "parDelegation": "false"}, {"acteurRef": "PA794582", "mandatRef": "PM797004", "parDelegation": "false"}, {"acteurRef": "PA794598", "mandatRef": "PM797010", "parDelegation": "false"}, {"acteurRef": "PA794638", "mandatRef": "PM797034", "parDelegation": "false"}, {"acteurRef": "PA794678", "mandatRef": "PM797052", "parDelegation": "false"}, {"acteurRef": "PA794762", "mandatRef": "PM797109", "parDelegation": "false"}, {"acteurRef": "PA794770", "mandatRef": "PM797112", "parDelegation": "false"}, {"acteurRef": "PA794886", "mandatRef": "PM797178", "parDelegation": "false"}, {"acteurRef": "PA794894", "mandatRef": "PM797181", "parDelegation": "false"}, {"acteurRef": "PA794946", "mandatRef": "PM797205", "parDelegation": "false"}, {"acteurRef": "PA794954", "mandatRef": "PM797208", "parDelegation": "false"}, {"acteurRef": "PA795410", "mandatRef": "PM797472", "parDelegation": "false"}, {"acteurRef": "PA795540", "mandatRef": "PM797541", "parDelegation": "false"}, {"acteurRef": "PA795644", "mandatRef": "PM797604", "parDelegation": "false"}, {"acteurRef": "PA795786", "mandatRef": "PM797685", "parDelegation": "false"}, {"acteurRef": "PA795836", "mandatRef": "PM797706", "parDelegation": "false"}, {"acteurRef": "PA795900", "mandatRef": "PM797745", "parDelegation": "false"}, {"acteurRef": "PA795912", "mandatRef": "PM797751", "parDelegation": "false"}, {"acteurRef": "PA795966", "mandatRef": "PM797781", "parDelegation": "false"}, {"acteurRef": "PA795974", "mandatRef": "PM797784", "parDelegation": "false"}, {"acteurRef": "PA796026", "mandatRef": "PM797814", "parDelegation": "false"}, {"acteurRef": "PA796034", "mandatRef": "PM797817", "parDelegation": "false"}, {"acteurRef": "PA796042", "mandatRef": "PM797820", "parDelegation": "false"}, {"acteurRef": "PA796110", "mandatRef": "PM797856", "parDelegation": "false"}, {"acteurRef": "PA796118", "mandatRef": "PM797859", "parDelegation": "false"}, {"acteurRef": "PA642988", "mandatRef": "PM797862", "parDelegation": "false"}, {"acteurRef": "PA721932", "mandatRef": "PM797361", "parDelegation": "false"}, {"acteurRef": "PA719436", "mandatRef": "PM796560", "parDelegation": "false"}, {"acteurRef": "PA720668", "mandatRef": "PM797106", "parDelegation": "false"}]}, "abstentions": null}}}, {"organeRef": "PO800490", "nombreMembresGroupe": "75", "vote": {"positionMajoritaire": "contre", "decompteVoix": {"nonVotants": "1", "pour": "0", "contre": "71", "abstentions": "0", "nonVotantsVolontaires": "0"}, "decompteNominatif": {"nonVotants": {"votant": {"acteurRef": "PA720286", "mandatRef": "PM796878", "causePositionVote": "PSE"}}, "pours": null, "contres": {"votant": [{"acteurRef": "PA610654", "mandatRef": "PM797724", "parDelegation": "false"}, {"acteurRef": "PA791812", "mandatRef": "PM797280", "parDelegation": "false"}, {"acteurRef": "PA588884", "mandatRef": "PM797373", "parDelegation": "false"}, {"acteurRef": "PA719578", "mandatRef": "PM796620", "parDelegation": "false"}, {"acteurRef": "PA720422", "mandatRef": "PM797022", "parDelegation": "false"}, {"acteurRef": "PA720430", "mandatRef": "PM797025", "parDelegation": "false"}, {"acteurRef": "PA720846", "mandatRef": "PM797328", "parDelegation": "false"}, {"acteurRef": "PA720892", "mandatRef": "PM797520", "parDelegation": "false"}, {"acteurRef": "PA721062", "mandatRef": "PM797799", "parDelegation": "false"}, {"acteurRef": "PA721202", "mandatRef": "PM797826", "parDelegation": "false"}, {"acteurRef": "PA721210", "mandatRef": "PM797331", "parDelegation": "false"}, {"acteurRef": "PA721960", "mandatRef": "PM797811", "parDelegation": "false"}, {"acteurRef": "PA722142", "mandatRef": "PM797673", "parDelegation": "false"}, {"acteurRef": "PA794478", "mandatRef": "PM796950", "parDelegation": "false"}, {"acteurRef": "PA795982", "mandatRef": "PM797787", "parDelegation": "false"}, {"acteurRef": "PA795596", "mandatRef": "PM797580", "parDelegation": "false"}, {"acteurRef": "PA795422", "mandatRef": "PM797478", "parDelegation": "false"}, {"acteurRef": "PA795672", "mandatRef": "PM797616", "parDelegation": "false"}, {"acteurRef": "PA791824", "mandatRef": "PM797808", "parDelegation": "false"}, {"acteurRef": "PA793110", "mandatRef": "PM796146", "parDelegation": "false"}, {"acteurRef": "PA793262", "mandatRef": "PM796236", "parDelegation": "false"}, {"acteurRef": "PA793444", "mandatRef": "PM796329", "parDelegation": "false"}, {"acteurRef": "PA793452", "mandatRef": "PM796332", "parDelegation": "false"}, {"acteurRef": "PA793464", "mandatRef": "PM796338", "parDelegation": "false"}, {"acteurRef": "PA793532", "mandatRef": "PM796386", "parDelegation": "false"}, {"acteurRef": "PA793680", "mandatRef": "PM796476", "parDelegation": "false"}, {"acteurRef": "PA793688", "mandatRef": "PM796479", "parDelegation": "false"}, {"acteurRef": "PA793724", "mandatRef": "PM796497", "parDelegation": "false"}, {"acteurRef": "PA793736", "mandatRef": "PM796503", "parDelegation": "false"}, {"acteurRef": "PA793744", "mandatRef": "PM796506", "parDelegation": "false"}, {"acteurRef": "PA793756", "mandatRef": "PM796512", "parDelegation": "false"}, {"acteurRef": "PA793772", "mandatRef": "PM796521", "parDelegation": "false"}, {"acteurRef": "PA793872", "mandatRef": "PM796581", "parDelegation": "false"}, {"acteurRef": "PA793884", "mandatRef": "PM796587", "parDelegation": "false"}, {"acteurRef": "PA793912", "mandatRef": "PM796599", "parDelegation": "false"}, {"acteurRef": "PA342384", "mandatRef": "PM796656", "parDelegation": "false"}, {"acteurRef": "PA794066", "mandatRef": "PM796689", "parDelegation": "false"}, {"acteurRef": "PA794082", "mandatRef": "PM796698", "parDelegation": "false"}, {"acteurRef": "PA794106", "mandatRef": "PM796716", "parDelegation": "false"}, {"acteurRef": "PA794138", "mandatRef": "PM796734", "parDelegation": "false"}, {"acteurRef": "PA794166", "mandatRef": "PM796749", "parDelegation": "false"}, {"acteurRef": "PA794402", "mandatRef": "PM796905", "parDelegation": "false"}, {"acteurRef": "PA794458", "mandatRef": "PM796941", "parDelegation": "false"}, {"acteurRef": "PA794686", "mandatRef": "PM797061", "parDelegation": "false"}, {"acteurRef": "PA794786", "mandatRef": "PM797118", "parDelegation": "false"}, {"acteurRef": "PA794906", "mandatRef": "PM797187", "parDelegation": "false"}, {"acteurRef": "PA794938", "mandatRef": "PM797202", "parDelegation": "false"}, {"acteurRef": "PA795084", "mandatRef": "PM797292", "parDelegation": "false"}, {"acteurRef": "PA795108", "mandatRef": "PM797304", "parDelegation": "false"}, {"acteurRef": "PA795136", "mandatRef": "PM797319", "parDelegation": "false"}, {"acteurRef": "PA795164", "mandatRef": "PM797337", "parDelegation": "false"}, {"acteurRef": "PA795200", "mandatRef": "PM797352", "parDelegation": "false"}, {"acteurRef": "PA795228", "mandatRef": "PM797370", "parDelegation": "false"}, {"acteurRef": "PA795298", "mandatRef": "PM797409", "parDelegation": "false"}, {"acteurRef": "PA795310", "mandatRef": "PM797415", "parDelegation": "false"}, {"acteurRef": "PA795318", "mandatRef": "PM797418", "parDelegation": "false"}, {"acteurRef": "PA795438", "mandatRef": "PM797484", "parDelegation": "false"}, {"acteurRef": "PA795466", "mandatRef": "PM797499", "parDelegation": "false"}, {"acteurRef": "PA795482", "mandatRef": "PM797508", "parDelegation": "false"}, {"acteurRef": "PA795516", "mandatRef": "PM797529", "parDelegation": "false"}, {"acteurRef": "PA795580", "mandatRef": "PM797574", "parDelegation": "false"}, {"acteurRef": "PA795588", "mandatRef": "PM797577", "parDelegation": "false"}, {"acteurRef": "PA795616", "mandatRef": "PM797589", "parDelegation": "false"}, {"acteurRef": "PA795692", "mandatRef": "PM797628", "parDelegation": "false"}, {"acteurRef": "PA795746", "mandatRef": "PM797661", "parDelegation": "false"}, {"acteurRef": "PA795844", "mandatRef": "PM797709", "parDelegation": "false"}, {"acteurRef": "PA796018", "mandatRef": "PM797805", "parDelegation": "false"}, {"acteurRef": "PA796062", "mandatRef": "PM797832", "parDelegation": "false"}, {"acteurRef": "PA796070", "mandatRef": "PM797835", "parDelegation": "false"}, {"acteurRef": "PA796090", "mandatRef": "PM797844", "parDelegation": "false"}, {"acteurRef": "PA796132", "mandatRef": "PM797868", "parDelegation": "false"}]}, "abstentions": null}}}, {"organeRef": "PO800508", "nombreMembresGroupe": "62", "vote": {"positionMajoritaire": "contre", "decompteVoix": {"nonVotants": "0", "pour": "3", "contre": "40", "abstentions": "4", "nonVotantsVolontaires": "4"}, "decompteNominatif": {"nonVotants": null, "pours": {"votant": [{"acteurRef": "PA1327", "mandatRef": "PM796632", "parDelegation": "false"}, {"acteurRef": "PA266797", "mandatRef": "PM796812", "parDelegation": "false"}, {"acteurRef": "PA608016", "mandatRef": "PM797100", "parDelegation": "false"}]}, "contres": {"votant": [{"acteurRef": "PA330240", "mandatRef": "PM796155", "parDelegation": "false"}, {"acteurRef": "PA1874", "mandatRef": "PM796383", "parDelegation": "false"}, {"acteurRef": "PA720644", "mandatRef": "PM797103", "parDelegation": "false"}, {"acteurRef": "PA266808", "mandatRef": "PM797313", "parDelegation": "false"}, {"acteurRef": "PA720586", "mandatRef": "PM797088", "parDelegation": "false"}, {"acteurRef": "PA606098", "mandatRef": "PM796449", "parDelegation": "false"}, {"acteurRef": "PA267429", "mandatRef": "PM796722", "parDelegation": "false"}, {"acteurRef": "PA267901", "mandatRef": "PM797841", "parDelegation": "false"}, {"acteurRef": "PA718850", "mandatRef": "PM796203", "parDelegation": "false"}, {"acteurRef": "PA608826", "mandatRef": "PM797256", "parDelegation": "false"}, {"acteurRef": "PA332523", "mandatRef": "PM796683", "parDelegation": "false"}, {"acteurRef": "PA721410", "mandatRef": "PM797316", "parDelegation": "false"}, {"acteurRef": "PA607090", "mandatRef": "PM796761", "parDelegation": "false"}, {"acteurRef": "PA608416", "mandatRef": "PM797133", "parDelegation": "false"}, {"acteurRef": "PA720684", "mandatRef": "PM797082", "parDelegation": "false"}, {"acteurRef": "PA718884", "mandatRef": "PM796218", "parDelegation": "false"}, {"acteurRef": "PA719272", "mandatRef": "PM796347", "parDelegation": "false"}, {"acteurRef": "PA719318", "mandatRef": "PM796470", "parDelegation": "false"}, {"acteurRef": "PA643134", "mandatRef": "PM796758", "parDelegation": "false"}, {"acteurRef": "PA720100", "mandatRef": "PM796860", "parDelegation": "false"}, {"acteurRef": "PA720386", "mandatRef": "PM796908", "parDelegation": "false"}, {"acteurRef": "PA642847", "mandatRef": "PM796872", "parDelegation": "false"}, {"acteurRef": "PA720630", "mandatRef": "PM797094", "parDelegation": "false"}, {"acteurRef": "PA346054", "mandatRef": "PM797679", "parDelegation": "false"}, {"acteurRef": "PA722390", "mandatRef": "PM797214", "parDelegation": "false"}, {"acteurRef": "PA794118", "mandatRef": "PM796725", "parDelegation": "false"}, {"acteurRef": "PA793094", "mandatRef": "PM796140", "parDelegation": "false"}, {"acteurRef": "PA793322", "mandatRef": "PM796260", "parDelegation": "false"}, {"acteurRef": "PA793476", "mandatRef": "PM796344", "parDelegation": "false"}, {"acteurRef": "PA793508", "mandatRef": "PM796371", "parDelegation": "false"}, {"acteurRef": "PA794038", "mandatRef": "PM796668", "parDelegation": "false"}, {"acteurRef": "PA794058", "mandatRef": "PM796686", "parDelegation": "false"}, {"acteurRef": "PA794178", "mandatRef": "PM796755", "parDelegation": "false"}, {"acteurRef": "PA794410", "mandatRef": "PM796911", "parDelegation": "false"}, {"acteurRef": "PA795406", "mandatRef": "PM797466", "parDelegation": "false"}, {"acteurRef": "PA266793", "mandatRef": "PM796317", "parDelegation": "false"}, {"acteurRef": "PA712015", "mandatRef": "PM796176", "parDelegation": "false"}, {"acteurRef": "PA722308", "mandatRef": "PM797229", "parDelegation": "false"}, {"acteurRef": "PA342240", "mandatRef": "PM796707", "parDelegation": "false"}, {"acteurRef": "PA721442", "mandatRef": "PM797253", "parDelegation": "false"}]}, "abstentions": {"votant": [{"acteurRef": "PA330008", "mandatRef": "PM796158", "parDelegation": "false"}, {"acteurRef": "PA721314", "mandatRef": "PM797151", "parDelegation": "false"}, {"acteurRef": "PA794914", "mandatRef": "PM797190", "parDelegation": "false"}, {"acteurRef": "PA330909", "mandatRef": "PM796314", "parDelegation": "false"}]}}}}, {"organeRef": "PO800484", "nombreMembresGroupe": "48", "vote": {"positionMajoritaire": "pour", "decompteVoix": {"nonVotants": "0", "pour": "41", "contre": "0", "abstentions": "0", "nonVotantsVolontaires": "0"}, "decompteNominatif": {"nonVotants": null, "pours": {"votant": [{"acteurRef": "PA794114", "mandatRef": "PM796719", "parDelegation": "false"}, {"acteurRef": "PA331582", "mandatRef": "PM796455", "parDelegation": "false"}, {"acteurRef": "PA795604", "mandatRef": "PM797583", "parDelegation": "false"}, {"acteurRef": "PA718978", "mandatRef": "PM796320", "parDelegation": "false"}, {"acteurRef": "PA719024", "mandatRef": "PM796305", "parDelegation": "false"}, {"acteurRef": "PA719266", "mandatRef": "PM796485", "parDelegation": "false"}, {"acteurRef": "PA719558", "mandatRef": "PM796554", "parDelegation": "false"}, {"acteurRef": "PA719640", "mandatRef": "PM796575", "parDelegation": "false"}, {"acteurRef": "PA719822", "mandatRef": "PM796647", "parDelegation": "false"}, {"acteurRef": "PA719874", "mandatRef": "PM796674", "parDelegation": "false"}, {"acteurRef": "PA720038", "mandatRef": "PM796746", "parDelegation": "false"}, {"acteurRef": "PA720162", "mandatRef": "PM796809", "parDelegation": "false"}, {"acteurRef": "PA720256", "mandatRef": "PM796929", "parDelegation": "false"}, {"acteurRef": "PA720334", "mandatRef": "PM796884", "parDelegation": "false"}, {"acteurRef": "PA720560", "mandatRef": "PM797016", "parDelegation": "false"}, {"acteurRef": "PA720704", "mandatRef": "PM797067", "parDelegation": "true"}, {"acteurRef": "PA720720", "mandatRef": "PM797076", "parDelegation": "false"}, {"acteurRef": "PA720728", "mandatRef": "PM797157", "parDelegation": "false"}, {"acteurRef": "PA720764", "mandatRef": "PM797166", "parDelegation": "false"}, {"acteurRef": "PA720772", "mandatRef": "PM797169", "parDelegation": "false"}, {"acteurRef": "PA721182", "mandatRef": "PM797736", "parDelegation": "false"}, {"acteurRef": "PA721234", "mandatRef": "PM797451", "parDelegation": "false"}, {"acteurRef": "PA721336", "mandatRef": "PM797184", "parDelegation": "false"}, {"acteurRef": "PA721530", "mandatRef": "PM797433", "parDelegation": "false"}, {"acteurRef": "PA721976", "mandatRef": "PM797622", "parDelegation": "false"}, {"acteurRef": "PA721984", "mandatRef": "PM797367", "parDelegation": "false"}, {"acteurRef": "PA722162", "mandatRef": "PM797475", "parDelegation": "false"}, {"acteurRef": "PA722284", "mandatRef": "PM797238", "parDelegation": "false"}, {"acteurRef": "PA722374", "mandatRef": "PM797196", "parDelegation": "true"}, {"acteurRef": "PA793122", "mandatRef": "PM796161", "parDelegation": "false"}, {"acteurRef": "PA793520", "mandatRef": "PM796377", "parDelegation": "false"}, {"acteurRef": "PA793560", "mandatRef": "PM796404", "parDelegation": "false"}, {"acteurRef": "PA793716", "mandatRef": "PM796491", "parDelegation": "false"}, {"acteurRef": "PA794702", "mandatRef": "PM797070", "parDelegation": "false"}, {"acteurRef": "PA794810", "mandatRef": "PM797130", "parDelegation": "false"}, {"acteurRef": "PA794830", "mandatRef": "PM797145", "parDelegation": "false"}, {"acteurRef": "PA795100", "mandatRef": "PM797301", "parDelegation": "false"}, {"acteurRef": "PA795120", "mandatRef": "PM797310", "parDelegation": "false"}, {"acteurRef": "PA795258", "mandatRef": "PM797385", "parDelegation": "false"}, {"acteurRef": "PA795374", "mandatRef": "PM797448", "parDelegation": "false"}, {"acteurRef": "PA721760", "mandatRef": "PM797295", "parDelegation": "false"}]}, "contres": null, "abstentions": null}}}, {"organeRef": "PO800496", "nombreMembresGroupe": "31", "vote": {"positionMajoritaire": "abstention", "decompteVoix": {"nonVotants": "0", "pour": "0", "contre": "2", "abstentions": "15", "nonVotantsVolontaires": "15"}, "decompteNominatif": {"nonVotants": null, "pours": null, "contres": {"votant": [{"acteurRef": "PA1008", "mandatRef": "PM796623", "parDelegation": "false"}, {"acteurRef": "PA795762", "mandatRef": "PM797670", "parDelegation": "false"}]}, "abstentions": {"votant": [{"acteurRef": "PA340343", "mandatRef": "PM796275", "parDelegation": "false"}, {"acteurRef": "PA335054", "mandatRef": "PM797298", "parDelegation": "false"}, {"acteurRef": "PA608172", "mandatRef": "PM797064", "parDelegation": "false"}, {"acteurRef": "PA793624", "mandatRef": "PM796440", "parDelegation": "false"}, {"acteurRef": "PA793394", "mandatRef": "PM796299", "parDelegation": "false"}, {"acteurRef": "PA719930", "mandatRef": "PM796770", "parDelegation": "false"}, {"acteurRef": "PA793816", "mandatRef": "PM796548", "parDelegation": "false"}, {"acteurRef": "PA794094", "mandatRef": "PM796710", "parDelegation": "false"}, {"acteurRef": "PA794270", "mandatRef": "PM796821", "parDelegation": "false"}, {"acteurRef": "PA794854", "mandatRef": "PM797163", "parDelegation": "false"}, {"acteurRef": "PA795430", "mandatRef": "PM797481", "parDelegation": "false"}, {"acteurRef": "PA643157", "mandatRef": "PM797763", "parDelegation": "false"}, {"acteurRef": "PA342196", "mandatRef": "PM796695", "parDelegation": "false"}, {"acteurRef": "PA774958", "mandatRef": "PM797355", "parDelegation": "false"}, {"acteurRef": "PA774960", "mandatRef": "PM797490", "parDelegation": "false"}]}}}}, {"organeRef": "PO800514", "nombreMembresGroupe": "30", "vote": {"positionMajoritaire": "pour", "decompteVoix": {"nonVotants": "0", "pour": "17", "contre": "3", "abstentions": "1", "nonVotantsVolontaires": "1"}, "decompteNominatif": {"nonVotants": null, "pours": {"votant": [{"acteurRef": "PA605782", "mandatRef": "PM796350", "parDelegation": "false"}, {"acteurRef": "PA719052", "mandatRef": "PM796341", "parDelegation": "false"}, {"acteurRef": "PA719072", "mandatRef": "PM796392", "parDelegation": "false"}, {"acteurRef": "PA719528", "mandatRef": "PM796515", "parDelegation": "false"}, {"acteurRef": "PA642868", "mandatRef": "PM796968", "parDelegation": "false"}, {"acteurRef": "PA720552", "mandatRef": "PM797013", "parDelegation": "false"}, {"acteurRef": "PA720908", "mandatRef": "PM797556", "parDelegation": "false"}, {"acteurRef": "PA793306", "mandatRef": "PM796254", "parDelegation": "false"}, {"acteurRef": "PA793398", "mandatRef": "PM796302", "parDelegation": "false"}, {"acteurRef": "PA793572", "mandatRef": "PM796413", "parDelegation": "false"}, {"acteurRef": "PA794426", "mandatRef": "PM796917", "parDelegation": "false"}, {"acteurRef": "PA794470", "mandatRef": "PM796947", "parDelegation": "false"}, {"acteurRef": "PA794818", "mandatRef": "PM797136", "parDelegation": "false"}, {"acteurRef": "PA794838", "mandatRef": "PM797148", "parDelegation": "true"}, {"acteurRef": "PA795026", "mandatRef": "PM797259", "parDelegation": "false"}, {"acteurRef": "PA795278", "mandatRef": "PM797397", "parDelegation": "false"}, {"acteurRef": "PA719382", "mandatRef": "PM796452", "parDelegation": "false"}]}, "contres": {"votant": [{"acteurRef": "PA795270", "mandatRef": "PM797394", "parDelegation": "false"}, {"acteurRef": "PA793992", "mandatRef": "PM796641", "parDelegation": "false"}, {"acteurRef": "PA794234", "mandatRef": "PM796791", "parDelegation": "false"}]}, "abstentions": {"votant": {"acteurRef": "PA332228", "mandatRef": "PM796704", "parDelegation": "false"}}}}}, {"organeRef": "PO800526", "nombreMembresGroupe": "23", "vote": {"positionMajoritaire": "contre", "decompteVoix": {"nonVotants": "0", "pour": "0", "contre": "15", "abstentions": "0", "nonVotantsVolontaires": "0"}, "decompteNominatif": {"nonVotants": null, "pours": null, "contres": {"votant": [{"acteurRef": "PA610002", "mandatRef": "PM797286", "parDelegation": "false"}, {"acteurRef": "PA793948", "mandatRef": "PM796617", "parDelegation": "false"}, {"acteurRef": "PA793664", "mandatRef": "PM796467", "parDelegation": "false"}, {"acteurRef": "PA793780", "mandatRef": "PM796527", "parDelegation": "false"}, {"acteurRef": "PA793980", "mandatRef": "PM796635", "parDelegation": "false"}, {"acteurRef": "PA794154", "mandatRef": "PM796743", "parDelegation": "false"}, {"acteurRef": "PA794778", "mandatRef": "PM797115", "parDelegation": "false"}, {"acteurRef": "PA795010", "mandatRef": "PM797247", "parDelegation": "false"}, {"acteurRef": "PA795058", "mandatRef": "PM797277", "parDelegation": "false"}, {"acteurRef": "PA795076", "mandatRef": "PM797289", "parDelegation": "false"}, {"acteurRef": "PA795362", "mandatRef": "PM797442", "parDelegation": "false"}, {"acteurRef": "PA795454", "mandatRef": "PM797493", "parDelegation": "false"}, {"acteurRef": "PA795636", "mandatRef": "PM797601", "parDelegation": "false"}, {"acteurRef": "PA795794", "mandatRef": "PM797688", "parDelegation": "false"}, {"acteurRef": "PA795808", "mandatRef": "PM797694", "parDelegation": "false"}]}, "abstentions": null}}}, {"organeRef": "PO800502", "nombreMembresGroupe": "22", "vote": {"positionMajoritaire": "contre", "decompteVoix": {"nonVotants": "0", "pour": "0", "contre": "10", "abstentions": "0", "nonVotantsVolontaires": "0"}, "decompteNominatif": {"nonVotants": null, "pours": null, "contres": {"votant": [{"acteurRef": "PA605745", "mandatRef": "PM796419", "parDelegation": "false"}, {"acteurRef": "PA722202", "mandatRef": "PM797358", "parDelegation": "false"}, {"acteurRef": "PA718926", "mandatRef": "PM796326", "parDelegation": "false"}, {"acteurRef": "PA721896", "mandatRef": "PM797664", "parDelegation": "false"}, {"acteurRef": "PA793174", "mandatRef": "PM796188", "parDelegation": "false"}, {"acteurRef": "PA720992", "mandatRef": "PM797697", "parDelegation": "false"}, {"acteurRef": "PA795876", "mandatRef": "PM797730", "parDelegation": "false"}, {"acteurRef": "PA795998", "mandatRef": "PM797796", "parDelegation": "false"}, {"acteurRef": "PA335612", "mandatRef": "PM797391", "parDelegation": "false"}, {"acteurRef": "PA774962", "mandatRef": "PM797766", "parDelegation": "false"}]}, "abstentions": null}}}, {"organeRef": "PO800532", "nombreMembresGroupe": "16", "vote": {"positionMajoritaire": "pour", "decompteVoix": {"nonVotants": "0", "pour": "1", "contre": "1", "abstentions": "1", "nonVotantsVolontaires": "1"}, "decompteNominatif": {"nonVotants": null, "pours": {"votant": {"acteurRef": "PA795244", "mandatRef": "PM797379", "parDelegation": "false"}}, "contres": {"votant": {"acteurRef": "PA607619", "mandatRef": "PM796890", "parDelegation": "false"}}, "abstentions": {"votant": {"acteurRef": "PA721486", "mandatRef": "PM797517", "parDelegation": "false"}}}}}, {"organeRef": "PO793087", "nombreMembresGroupe": "9", "vote": {"positionMajoritaire": "abstention", "decompteVoix": {"nonVotants": "0", "pour": "0", "contre": "1", "abstentions": "2", "nonVotantsVolontaires": "2"}, "decompteNominatif": {"nonVotants": null, "pours": null, "contres": {"votant": {"acteurRef": "PA1206", "mandatRef": "PM797637", "parDelegation": "false"}}, "abstentions": {"votant": [{"acteurRef": "PA605069", "mandatRef": "PM796179", "parDelegation": "false"}, {"acteurRef": "PA719608", "mandatRef": "PM796593", "parDelegation": "false"}]}}}}]}}}, "miseAuPoint": {"nonVotants": [null, {"votant": {"acteurRef": "PA267318", "mandatRef": "PM797307"}}], "pours": {"votant": [{"acteurRef": "PA795270", "mandatRef": "PM797394"}, {"acteurRef": "PA722134", "mandatRef": "PM797658"}, {"acteurRef": "PA793992", "mandatRef": "PM796641"}, {"acteurRef": "PA794234", "mandatRef": "PM796791"}]}, "abstentions": [null, null], "nonVotantsVolontaires": [null, null], "contres": null, "dysfonctionnement": {"nonVotants": null, "pour": null, "contre": null, "abstentions": null, "nonVotantsVolontaires": null}}}}