{"scrutin": {"@xmlns": "http://schemas.assemblee-nationale.fr/referentiel", "@xmlns:xsi": "http://www.w3.org/2001/XMLSchema-instance", "uid": "VTANR5L16V751", "numero": "751", "organeRef": "PO791932", "legislature": "16", "sessionRef": "SCR5A2023O1", "seanceRef": "RUANR5L16S2023IDS26617", "dateScrutin": "2022-12-12", "quantiemeJourSeance": "1", "typeVote": {"codeTypeVote": "SPO", "libelleTypeVote": "scrutin public ordinaire", "typeMajorite": "majorit\u00e9 absolue des suffrages exprim\u00e9s"}, "sort": {"code": "rejet\u00e9", "libelle": "L'Assembl\u00e9e nationale n'a pas adopt\u00e9"}, "titre": "l'amendement n\u00b0 1538 de M. Jumel \u00e0 l'article 11 decies C du projet de loi relatif \u00e0 l'acc\u00e9l\u00e9ration de la production d'\u00e9nergies renouvelables (premi\u00e8re lecture).", "demandeur": {"texte": "Pr\u00e9sident du groupe \"Gauche d\u00e9mocrate et r\u00e9publicaine - NUPES\"", "referenceLegislative": null}, "objet": {"libelle": "l'amendement n\u00b0 1538 de M. Jumel \u00e0 l'article 11 decies C du projet de loi relatif \u00e0 l'acc\u00e9l\u00e9ration de la production d'\u00e9nergies renouvelables (premi\u00e8re lecture).", "referenceLegislative": null}, "modePublicationDesVotes": "DecompteNominatif", "syntheseVote": {"nombreVotants": "97", "suffragesExprimes": "96", "nbrSuffragesRequis": "49", "annonce": "L'Assembl\u00e9e nationale n'a pas adopt\u00e9", "decompte": {"nonVotants": "1", "pour": "48", "contre": "48", "abstentions": "1", "nonVotantsVolontaires": "0"}}, "ventilationVotes": {"organe": {"organeRef": "PO791932", "groupes": {"groupe": [{"organeRef": "PO800538", "nombreMembresGroupe": "170", "vote": {"positionMajoritaire": "contre", "decompteVoix": {"nonVotants": "0", "pour": "0", "contre": "34", "abstentions": "0", "nonVotantsVolontaires": "0"}, "decompteNominatif": {"nonVotants": null, "pours": null, "contres": {"votant": [{"acteurRef": "PA721262", "mandatRef": "PM797550", "parDelegation": "false"}, {"acteurRef": "PA721296", "mandatRef": "PM797457", "parDelegation": "false"}, {"acteurRef": "PA721852", "mandatRef": "PM797565", "parDelegation": "true"}, {"acteurRef": "PA719108", "mandatRef": "PM796410", "parDelegation": "true"}, {"acteurRef": "PA719372", "mandatRef": "PM796446", "parDelegation": "false"}, {"acteurRef": "PA719412", "mandatRef": "PM796542", "parDelegation": "false"}, {"acteurRef": "PA719718", "mandatRef": "PM796692", "parDelegation": "false"}, {"acteurRef": "PA719756", "mandatRef": "PM796701", "parDelegation": "false"}, {"acteurRef": "PA720014", "mandatRef": "PM796863", "parDelegation": "true"}, {"acteurRef": "PA720222", "mandatRef": "PM796830", "parDelegation": "false"}, {"acteurRef": "PA720362", "mandatRef": "PM796899", "parDelegation": "false"}, {"acteurRef": "PA720900", "mandatRef": "PM797553", "parDelegation": "false"}, {"acteurRef": "PA721094", "mandatRef": "PM797340", "parDelegation": "false"}, {"acteurRef": "PA721466", "mandatRef": "PM797268", "parDelegation": "false"}, {"acteurRef": "PA721678", "mandatRef": "PM797634", "parDelegation": "false"}, {"acteurRef": "PA722150", "mandatRef": "PM797445", "parDelegation": "false"}, {"acteurRef": "PA722366", "mandatRef": "PM797193", "parDelegation": "false"}, {"acteurRef": "PA795920", "mandatRef": "PM797754", "parDelegation": "false"}, {"acteurRef": "PA793270", "mandatRef": "PM796239", "parDelegation": "false"}, {"acteurRef": "PA794214", "mandatRef": "PM796782", "parDelegation": "false"}, {"acteurRef": "PA794330", "mandatRef": "PM796854", "parDelegation": "false"}, {"acteurRef": "PA794486", "mandatRef": "PM796953", "parDelegation": "false"}, {"acteurRef": "PA795176", "mandatRef": "PM797343", "parDelegation": "false"}, {"acteurRef": "PA721482", "mandatRef": "PM797514", "parDelegation": "false"}, {"acteurRef": "PA795508", "mandatRef": "PM797526", "parDelegation": "true"}, {"acteurRef": "PA795864", "mandatRef": "PM797721", "parDelegation": "false"}, {"acteurRef": "PA795884", "mandatRef": "PM797733", "parDelegation": "false"}, {"acteurRef": "PA795950", "mandatRef": "PM797775", "parDelegation": "false"}, {"acteurRef": "PA795990", "mandatRef": "PM797793", "parDelegation": "false"}, {"acteurRef": "PA642695", "mandatRef": "PM796389", "parDelegation": "false"}, {"acteurRef": "PA793190", "mandatRef": "PM802633", "parDelegation": "false"}, {"acteurRef": "PA795046", "mandatRef": "PM802641", "parDelegation": "false"}, {"acteurRef": "PA795934", "mandatRef": "PM802645", "parDelegation": "false"}, {"acteurRef": "PA793528", "mandatRef": "PM803284", "parDelegation": "false"}]}, "abstentions": null}}}, {"organeRef": "PO800520", "nombreMembresGroupe": "88", "vote": {"positionMajoritaire": "pour", "decompteVoix": {"nonVotants": "1", "pour": "23", "contre": "0", "abstentions": "0", "nonVotantsVolontaires": "0"}, "decompteNominatif": {"nonVotants": {"votant": {"acteurRef": "PA794354", "mandatRef": "PM796869", "causePositionVote": "PSE"}}, "pours": {"votant": [{"acteurRef": "PA793432", "mandatRef": "PM796323", "parDelegation": "false"}, {"acteurRef": "PA793158", "mandatRef": "PM796182", "parDelegation": "false"}, {"acteurRef": "PA793166", "mandatRef": "PM796185", "parDelegation": "false"}, {"acteurRef": "PA793218", "mandatRef": "PM796215", "parDelegation": "false"}, {"acteurRef": "PA793246", "mandatRef": "PM796227", "parDelegation": "false"}, {"acteurRef": "PA793314", "mandatRef": "PM796257", "parDelegation": "false"}, {"acteurRef": "PA793548", "mandatRef": "PM796398", "parDelegation": "false"}, {"acteurRef": "PA793592", "mandatRef": "PM796425", "parDelegation": "false"}, {"acteurRef": "PA793832", "mandatRef": "PM796557", "parDelegation": "false"}, {"acteurRef": "PA793852", "mandatRef": "PM796566", "parDelegation": "false"}, {"acteurRef": "PA793904", "mandatRef": "PM796596", "parDelegation": "false"}, {"acteurRef": "PA793928", "mandatRef": "PM796608", "parDelegation": "true"}, {"acteurRef": "PA794314", "mandatRef": "PM796848", "parDelegation": "false"}, {"acteurRef": "PA794434", "mandatRef": "PM796920", "parDelegation": "false"}, {"acteurRef": "PA794442", "mandatRef": "PM796923", "parDelegation": "false"}, {"acteurRef": "PA794638", "mandatRef": "PM797034", "parDelegation": "false"}, {"acteurRef": "PA794894", "mandatRef": "PM797181", "parDelegation": "false"}, {"acteurRef": "PA794946", "mandatRef": "PM797205", "parDelegation": "true"}, {"acteurRef": "PA794954", "mandatRef": "PM797208", "parDelegation": "false"}, {"acteurRef": "PA795786", "mandatRef": "PM797685", "parDelegation": "false"}, {"acteurRef": "PA795900", "mandatRef": "PM797745", "parDelegation": "false"}, {"acteurRef": "PA795974", "mandatRef": "PM797784", "parDelegation": "false"}, {"acteurRef": "PA796042", "mandatRef": "PM797820", "parDelegation": "false"}]}, "contres": null, "abstentions": null}}}, {"organeRef": "PO800490", "nombreMembresGroupe": "75", "vote": {"positionMajoritaire": "pour", "decompteVoix": {"nonVotants": "0", "pour": "8", "contre": "0", "abstentions": "0", "nonVotantsVolontaires": "0"}, "decompteNominatif": {"nonVotants": null, "pours": {"votant": [{"acteurRef": "PA721062", "mandatRef": "PM797799", "parDelegation": "false"}, {"acteurRef": "PA795982", "mandatRef": "PM797787", "parDelegation": "false"}, {"acteurRef": "PA793680", "mandatRef": "PM796476", "parDelegation": "false"}, {"acteurRef": "PA794166", "mandatRef": "PM796749", "parDelegation": "false"}, {"acteurRef": "PA794870", "mandatRef": "PM797172", "parDelegation": "true"}, {"acteurRef": "PA795228", "mandatRef": "PM797370", "parDelegation": "true"}, {"acteurRef": "PA795310", "mandatRef": "PM797415", "parDelegation": "false"}, {"acteurRef": "PA795516", "mandatRef": "PM797529", "parDelegation": "false"}]}, "contres": null, "abstentions": null}}}, {"organeRef": "PO800508", "nombreMembresGroupe": "62", "vote": {"positionMajoritaire": "pour", "decompteVoix": {"nonVotants": "0", "pour": "2", "contre": "0", "abstentions": "1", "nonVotantsVolontaires": "1"}, "decompteNominatif": {"nonVotants": null, "pours": {"votant": [{"acteurRef": "PA330909", "mandatRef": "PM796314", "parDelegation": "false"}, {"acteurRef": "PA266793", "mandatRef": "PM796317", "parDelegation": "false"}]}, "contres": null, "abstentions": {"votant": {"acteurRef": "PA721442", "mandatRef": "PM797253", "parDelegation": "false"}}}}}, {"organeRef": "PO800484", "nombreMembresGroupe": "51", "vote": {"positionMajoritaire": "contre", "decompteVoix": {"nonVotants": "0", "pour": "0", "contre": "9", "abstentions": "0", "nonVotantsVolontaires": "0"}, "decompteNominatif": {"nonVotants": null, "pours": null, "contres": {"votant": [{"acteurRef": "PA719558", "mandatRef": "PM796554", "parDelegation": "false"}, {"acteurRef": "PA719640", "mandatRef": "PM796575", "parDelegation": "false"}, {"acteurRef": "PA720162", "mandatRef": "PM796809", "parDelegation": "false"}, {"acteurRef": "PA720334", "mandatRef": "PM796884", "parDelegation": "false"}, {"acteurRef": "PA720764", "mandatRef": "PM797166", "parDelegation": "false"}, {"acteurRef": "PA721530", "mandatRef": "PM797433", "parDelegation": "false"}, {"acteurRef": "PA721976", "mandatRef": "PM797622", "parDelegation": "false"}, {"acteurRef": "PA722284", "mandatRef": "PM797238", "parDelegation": "false"}, {"acteurRef": "PA794810", "mandatRef": "PM797130", "parDelegation": "false"}]}, "abstentions": null}}}, {"organeRef": "PO800496", "nombreMembresGroupe": "30", "vote": {"positionMajoritaire": "pour", "decompteVoix": {"nonVotants": "0", "pour": "4", "contre": "0", "abstentions": "0", "nonVotantsVolontaires": "0"}, "decompteNominatif": {"nonVotants": null, "pours": {"votant": [{"acteurRef": "PA607553", "mandatRef": "PM796875", "parDelegation": "false"}, {"acteurRef": "PA1008", "mandatRef": "PM796623", "parDelegation": "false"}, {"acteurRef": "PA643157", "mandatRef": "PM797763", "parDelegation": "false"}, {"acteurRef": "PA774958", "mandatRef": "PM797355", "parDelegation": "false"}]}, "contres": null, "abstentions": null}}}, {"organeRef": "PO800514", "nombreMembresGroupe": "29", "vote": {"positionMajoritaire": "contre", "decompteVoix": {"nonVotants": "0", "pour": "0", "contre": "5", "abstentions": "0", "nonVotantsVolontaires": "0"}, "decompteNominatif": {"nonVotants": null, "pours": null, "contres": {"votant": [{"acteurRef": "PA719052", "mandatRef": "PM796341", "parDelegation": "false"}, {"acteurRef": "PA722336", "mandatRef": "PM797139", "parDelegation": "false"}, {"acteurRef": "PA793992", "mandatRef": "PM796641", "parDelegation": "false"}, {"acteurRef": "PA794470", "mandatRef": "PM796947", "parDelegation": "false"}, {"acteurRef": "PA719382", "mandatRef": "PM796452", "parDelegation": "false"}]}, "abstentions": null}}}, {"organeRef": "PO800526", "nombreMembresGroupe": "23", "vote": {"positionMajoritaire": "pour", "decompteVoix": {"nonVotants": "0", "pour": "8", "contre": "0", "abstentions": "0", "nonVotantsVolontaires": "0"}, "decompteNominatif": {"nonVotants": null, "pours": {"votant": [{"acteurRef": "PA610002", "mandatRef": "PM797286", "parDelegation": "false"}, {"acteurRef": "PA794008", "mandatRef": "PM796653", "parDelegation": "false"}, {"acteurRef": "PA736201", "mandatRef": "PM797523", "parDelegation": "false"}, {"acteurRef": "PA793948", "mandatRef": "PM796617", "parDelegation": "false"}, {"acteurRef": "PA793980", "mandatRef": "PM796635", "parDelegation": "false"}, {"acteurRef": "PA794778", "mandatRef": "PM797115", "parDelegation": "false"}, {"acteurRef": "PA795454", "mandatRef": "PM797493", "parDelegation": "false"}, {"acteurRef": "PA335999", "mandatRef": "PM797655", "parDelegation": "false"}]}, "contres": null, "abstentions": null}}}, {"organeRef": "PO800502", "nombreMembresGroupe": "22", "vote": {"positionMajoritaire": "pour", "decompteVoix": {"nonVotants": "0", "pour": "2", "contre": "0", "abstentions": "0", "nonVotantsVolontaires": "0"}, "decompteNominatif": {"nonVotants": null, "pours": {"votant": [{"acteurRef": "PA722202", "mandatRef": "PM797358", "parDelegation": "false"}, {"acteurRef": "PA718926", "mandatRef": "PM796326", "parDelegation": "false"}]}, "contres": null, "abstentions": null}}}, {"organeRef": "PO800532", "nombreMembresGroupe": "20", "vote": {"positionMajoritaire": "pour", "decompteVoix": {"nonVotants": "0", "pour": "0", "contre": "0", "abstentions": "0", "nonVotantsVolontaires": "0"}, "decompteNominatif": {"nonVotants": null, "pours": null, "contres": null, "abstentions": null}}}, {"organeRef": "PO793087", "nombreMembresGroupe": "4", "vote": {"positionMajoritaire": "pour", "decompteVoix": {"nonVotants": "0", "pour": "1", "contre": "0", "abstentions": "0", "nonVotantsVolontaires": "0"}, "decompteNominatif": {"nonVotants": null, "pours": {"votant": {"acteurRef": "PA719608", "mandatRef": "PM796593", "parDelegation": "false"}}, "contres": null, "abstentions": null}}}]}}}, "miseAuPoint": null}}