{"scrutin": {"@xmlns": "http://schemas.assemblee-nationale.fr/referentiel", "@xmlns:xsi": "http://www.w3.org/2001/XMLSchema-instance", "uid": "VTANR5L16V554", "numero": "554", "organeRef": "PO791932", "legislature": "16", "sessionRef": "SCR5A2023O1", "seanceRef": "RUANR5L16S2023IDS26555", "dateScrutin": "2022-11-08", "quantiemeJourSeance": "2", "typeVote": {"codeTypeVote": "SPO", "libelleTypeVote": "scrutin public ordinaire", "typeMajorite": "majorit\u00e9 absolue des suffrages exprim\u00e9s"}, "sort": {"code": "rejet\u00e9", "libelle": "L'Assembl\u00e9e nationale n'a pas adopt\u00e9"}, "titre": "l'amendement n\u00b0 87 de Mme Sas avant l'article 9 du projet de loi de finances rectificative pour 2022 (premi\u00e8re lecture).", "demandeur": {"texte": "Pr\u00e9sidente du groupe \"\u00c9cologiste - NUPES\"", "referenceLegislative": null}, "objet": {"libelle": "l'amendement n\u00b0 87 de Mme Sas avant l'article 9 du projet de loi de finances rectificative pour 2022 (premi\u00e8re lecture).", "referenceLegislative": null}, "modePublicationDesVotes": "DecompteNominatif", "syntheseVote": {"nombreVotants": "197", "suffragesExprimes": "197", "nbrSuffragesRequis": "99", "annonce": "L'Assembl\u00e9e nationale n'a pas adopt\u00e9", "decompte": {"nonVotants": "1", "pour": "41", "contre": "156", "abstentions": "0", "nonVotantsVolontaires": "0"}}, "ventilationVotes": {"organe": {"organeRef": "PO791932", "groupes": {"groupe": [{"organeRef": "PO800538", "nombreMembresGroupe": "170", "vote": {"positionMajoritaire": "contre", "decompteVoix": {"nonVotants": "0", "pour": "0", "contre": "68", "abstentions": "0", "nonVotantsVolontaires": "0"}, "decompteNominatif": {"nonVotants": null, "pours": null, "contres": {"votant": [{"acteurRef": "PA345722", "mandatRef": "PM797718", "parDelegation": "false"}, {"acteurRef": "PA340643", "mandatRef": "PM796335", "parDelegation": "false"}, {"acteurRef": "PA2449", "mandatRef": "PM797046", "parDelegation": "false"}, {"acteurRef": "PA267336", "mandatRef": "PM796152", "parDelegation": "false"}, {"acteurRef": "PA795386", "mandatRef": "PM797454", "parDelegation": "false"}, {"acteurRef": "PA794802", "mandatRef": "PM797127", "parDelegation": "false"}, {"acteurRef": "PA605963", "mandatRef": "PM796494", "parDelegation": "false"}, {"acteurRef": "PA721852", "mandatRef": "PM797565", "parDelegation": "true"}, {"acteurRef": "PA717379", "mandatRef": "PM797265", "parDelegation": "false"}, {"acteurRef": "PA718674", "mandatRef": "PM796164", "parDelegation": "true"}, {"acteurRef": "PA718710", "mandatRef": "PM796149", "parDelegation": "false"}, {"acteurRef": "PA718930", "mandatRef": "PM796287", "parDelegation": "false"}, {"acteurRef": "PA718962", "mandatRef": "PM796278", "parDelegation": "false"}, {"acteurRef": "PA719154", "mandatRef": "PM796362", "parDelegation": "false"}, {"acteurRef": "PA719202", "mandatRef": "PM796374", "parDelegation": "true"}, {"acteurRef": "PA719294", "mandatRef": "PM796431", "parDelegation": "false"}, {"acteurRef": "PA719338", "mandatRef": "PM796545", "parDelegation": "false"}, {"acteurRef": "PA719372", "mandatRef": "PM796446", "parDelegation": "false"}, {"acteurRef": "PA719472", "mandatRef": "PM796533", "parDelegation": "false"}, {"acteurRef": "PA719512", "mandatRef": "PM796509", "parDelegation": "false"}, {"acteurRef": "PA719600", "mandatRef": "PM796629", "parDelegation": "false"}, {"acteurRef": "PA719756", "mandatRef": "PM796701", "parDelegation": "false"}, {"acteurRef": "PA719798", "mandatRef": "PM796638", "parDelegation": "false"}, {"acteurRef": "PA719814", "mandatRef": "PM796644", "parDelegation": "false"}, {"acteurRef": "PA720014", "mandatRef": "PM796863", "parDelegation": "true"}, {"acteurRef": "PA720066", "mandatRef": "PM796842", "parDelegation": "false"}, {"acteurRef": "PA720146", "mandatRef": "PM796803", "parDelegation": "false"}, {"acteurRef": "PA720154", "mandatRef": "PM796806", "parDelegation": "false"}, {"acteurRef": "PA720362", "mandatRef": "PM796899", "parDelegation": "false"}, {"acteurRef": "PA720446", "mandatRef": "PM797031", "parDelegation": "false"}, {"acteurRef": "PA720900", "mandatRef": "PM797553", "parDelegation": "false"}, {"acteurRef": "PA720932", "mandatRef": "PM797586", "parDelegation": "false"}, {"acteurRef": "PA721004", "mandatRef": "PM797496", "parDelegation": "false"}, {"acteurRef": "PA721328", "mandatRef": "PM797250", "parDelegation": "false"}, {"acteurRef": "PA721584", "mandatRef": "PM797712", "parDelegation": "false"}, {"acteurRef": "PA721710", "mandatRef": "PM797505", "parDelegation": "false"}, {"acteurRef": "PA721844", "mandatRef": "PM797562", "parDelegation": "false"}, {"acteurRef": "PA722046", "mandatRef": "PM797625", "parDelegation": "true"}, {"acteurRef": "PA722134", "mandatRef": "PM797658", "parDelegation": "true"}, {"acteurRef": "PA722150", "mandatRef": "PM797445", "parDelegation": "false"}, {"acteurRef": "PA722292", "mandatRef": "PM797241", "parDelegation": "false"}, {"acteurRef": "PA722366", "mandatRef": "PM797193", "parDelegation": "false"}, {"acteurRef": "PA722382", "mandatRef": "PM797211", "parDelegation": "false"}, {"acteurRef": "PA793270", "mandatRef": "PM796239", "parDelegation": "false"}, {"acteurRef": "PA793876", "mandatRef": "PM796584", "parDelegation": "false"}, {"acteurRef": "PA793940", "mandatRef": "PM796614", "parDelegation": "false"}, {"acteurRef": "PA794206", "mandatRef": "PM796779", "parDelegation": "false"}, {"acteurRef": "PA794330", "mandatRef": "PM796854", "parDelegation": "false"}, {"acteurRef": "PA794386", "mandatRef": "PM796893", "parDelegation": "false"}, {"acteurRef": "PA794486", "mandatRef": "PM796953", "parDelegation": "false"}, {"acteurRef": "PA794658", "mandatRef": "PM797043", "parDelegation": "false"}, {"acteurRef": "PA794878", "mandatRef": "PM797175", "parDelegation": "false"}, {"acteurRef": "PA794974", "mandatRef": "PM797223", "parDelegation": "false"}, {"acteurRef": "PA794982", "mandatRef": "PM797226", "parDelegation": "false"}, {"acteurRef": "PA795050", "mandatRef": "PM797274", "parDelegation": "true"}, {"acteurRef": "PA795144", "mandatRef": "PM797325", "parDelegation": "false"}, {"acteurRef": "PA795528", "mandatRef": "PM797535", "parDelegation": "false"}, {"acteurRef": "PA795864", "mandatRef": "PM797721", "parDelegation": "false"}, {"acteurRef": "PA795950", "mandatRef": "PM797775", "parDelegation": "false"}, {"acteurRef": "PA642695", "mandatRef": "PM796389", "parDelegation": "false"}, {"acteurRef": "PA793416", "mandatRef": "PM802635", "parDelegation": "false"}, {"acteurRef": "PA793190", "mandatRef": "PM802633", "parDelegation": "false"}, {"acteurRef": "PA795046", "mandatRef": "PM802641", "parDelegation": "false"}, {"acteurRef": "PA795934", "mandatRef": "PM802645", "parDelegation": "false"}, {"acteurRef": "PA721828", "mandatRef": "PM802651", "parDelegation": "false"}, {"acteurRef": "PA720174", "mandatRef": "PM803278", "parDelegation": "false"}, {"acteurRef": "PA793528", "mandatRef": "PM803284", "parDelegation": "false"}, {"acteurRef": "PA719672", "mandatRef": "PM803288", "parDelegation": "false"}]}, "abstentions": null}}}, {"organeRef": "PO800520", "nombreMembresGroupe": "89", "vote": {"positionMajoritaire": "contre", "decompteVoix": {"nonVotants": "0", "pour": "2", "contre": "27", "abstentions": "0", "nonVotantsVolontaires": "0"}, "decompteNominatif": {"nonVotants": null, "pours": {"votant": [{"acteurRef": "PA793166", "mandatRef": "PM796185", "parDelegation": "false"}, {"acteurRef": "PA794322", "mandatRef": "PM796851", "parDelegation": "false"}]}, "contres": {"votant": [{"acteurRef": "PA794418", "mandatRef": "PM796914", "parDelegation": "true"}, {"acteurRef": "PA793432", "mandatRef": "PM796323", "parDelegation": "false"}, {"acteurRef": "PA795778", "mandatRef": "PM797682", "parDelegation": "false"}, {"acteurRef": "PA793134", "mandatRef": "PM796167", "parDelegation": "false"}, {"acteurRef": "PA793146", "mandatRef": "PM796173", "parDelegation": "false"}, {"acteurRef": "PA793182", "mandatRef": "PM796191", "parDelegation": "false"}, {"acteurRef": "PA793218", "mandatRef": "PM796215", "parDelegation": "false"}, {"acteurRef": "PA793238", "mandatRef": "PM796224", "parDelegation": "false"}, {"acteurRef": "PA793254", "mandatRef": "PM796230", "parDelegation": "false"}, {"acteurRef": "PA793314", "mandatRef": "PM796257", "parDelegation": "false"}, {"acteurRef": "PA793616", "mandatRef": "PM796437", "parDelegation": "false"}, {"acteurRef": "PA793632", "mandatRef": "PM796443", "parDelegation": "false"}, {"acteurRef": "PA793672", "mandatRef": "PM796473", "parDelegation": "false"}, {"acteurRef": "PA793696", "mandatRef": "PM796482", "parDelegation": "false"}, {"acteurRef": "PA793904", "mandatRef": "PM796596", "parDelegation": "false"}, {"acteurRef": "PA793928", "mandatRef": "PM796608", "parDelegation": "false"}, {"acteurRef": "PA794314", "mandatRef": "PM796848", "parDelegation": "false"}, {"acteurRef": "PA794502", "mandatRef": "PM796962", "parDelegation": "false"}, {"acteurRef": "PA794522", "mandatRef": "PM796971", "parDelegation": "false"}, {"acteurRef": "PA794538", "mandatRef": "PM796977", "parDelegation": "false"}, {"acteurRef": "PA794562", "mandatRef": "PM796995", "parDelegation": "false"}, {"acteurRef": "PA794570", "mandatRef": "PM796998", "parDelegation": "false"}, {"acteurRef": "PA794638", "mandatRef": "PM797034", "parDelegation": "false"}, {"acteurRef": "PA795410", "mandatRef": "PM797472", "parDelegation": "false"}, {"acteurRef": "PA795912", "mandatRef": "PM797751", "parDelegation": "false"}, {"acteurRef": "PA795974", "mandatRef": "PM797784", "parDelegation": "false"}, {"acteurRef": "PA721932", "mandatRef": "PM797361", "parDelegation": "false"}]}, "abstentions": null}}}, {"organeRef": "PO800490", "nombreMembresGroupe": "75", "vote": {"positionMajoritaire": "pour", "decompteVoix": {"nonVotants": "1", "pour": "20", "contre": "0", "abstentions": "0", "nonVotantsVolontaires": "0"}, "decompteNominatif": {"nonVotants": {"votant": {"acteurRef": "PA720286", "mandatRef": "PM796878", "causePositionVote": "PSE"}}, "pours": {"votant": [{"acteurRef": "PA720430", "mandatRef": "PM797025", "parDelegation": "false"}, {"acteurRef": "PA720846", "mandatRef": "PM797328", "parDelegation": "false"}, {"acteurRef": "PA721202", "mandatRef": "PM797826", "parDelegation": "false"}, {"acteurRef": "PA795596", "mandatRef": "PM797580", "parDelegation": "false"}, {"acteurRef": "PA793452", "mandatRef": "PM796332", "parDelegation": "false"}, {"acteurRef": "PA793532", "mandatRef": "PM796386", "parDelegation": "false"}, {"acteurRef": "PA793688", "mandatRef": "PM796479", "parDelegation": "false"}, {"acteurRef": "PA793744", "mandatRef": "PM796506", "parDelegation": "false"}, {"acteurRef": "PA793872", "mandatRef": "PM796581", "parDelegation": "false"}, {"acteurRef": "PA793912", "mandatRef": "PM796599", "parDelegation": "false"}, {"acteurRef": "PA794138", "mandatRef": "PM796734", "parDelegation": "false"}, {"acteurRef": "PA794402", "mandatRef": "PM796905", "parDelegation": "false"}, {"acteurRef": "PA794938", "mandatRef": "PM797202", "parDelegation": "false"}, {"acteurRef": "PA795084", "mandatRef": "PM797292", "parDelegation": "false"}, {"acteurRef": "PA795108", "mandatRef": "PM797304", "parDelegation": "false"}, {"acteurRef": "PA795164", "mandatRef": "PM797337", "parDelegation": "false"}, {"acteurRef": "PA795200", "mandatRef": "PM797352", "parDelegation": "false"}, {"acteurRef": "PA795482", "mandatRef": "PM797508", "parDelegation": "false"}, {"acteurRef": "PA796018", "mandatRef": "PM797805", "parDelegation": "false"}, {"acteurRef": "PA796070", "mandatRef": "PM797835", "parDelegation": "true"}]}, "contres": null, "abstentions": null}}}, {"organeRef": "PO800508", "nombreMembresGroupe": "62", "vote": {"positionMajoritaire": "contre", "decompteVoix": {"nonVotants": "0", "pour": "1", "contre": "8", "abstentions": "0", "nonVotantsVolontaires": "0"}, "decompteNominatif": {"nonVotants": null, "pours": {"votant": {"acteurRef": "PA330909", "mandatRef": "PM796314", "parDelegation": "false"}}, "contres": {"votant": [{"acteurRef": "PA267324", "mandatRef": "PM797538", "parDelegation": "false"}, {"acteurRef": "PA332523", "mandatRef": "PM796683", "parDelegation": "false"}, {"acteurRef": "PA608016", "mandatRef": "PM797100", "parDelegation": "false"}, {"acteurRef": "PA719318", "mandatRef": "PM796470", "parDelegation": "false"}, {"acteurRef": "PA793476", "mandatRef": "PM796344", "parDelegation": "false"}, {"acteurRef": "PA794914", "mandatRef": "PM797190", "parDelegation": "false"}, {"acteurRef": "PA795406", "mandatRef": "PM797466", "parDelegation": "false"}, {"acteurRef": "PA721442", "mandatRef": "PM797253", "parDelegation": "false"}]}, "abstentions": null}}}, {"organeRef": "PO800484", "nombreMembresGroupe": "51", "vote": {"positionMajoritaire": "contre", "decompteVoix": {"nonVotants": "0", "pour": "0", "contre": "33", "abstentions": "0", "nonVotantsVolontaires": "0"}, "decompteNominatif": {"nonVotants": null, "pours": null, "contres": {"votant": [{"acteurRef": "PA794114", "mandatRef": "PM796719", "parDelegation": "false"}, {"acteurRef": "PA331582", "mandatRef": "PM796455", "parDelegation": "false"}, {"acteurRef": "PA605694", "mandatRef": "PM796401", "parDelegation": "false"}, {"acteurRef": "PA718978", "mandatRef": "PM796320", "parDelegation": "false"}, {"acteurRef": "PA719640", "mandatRef": "PM796575", "parDelegation": "false"}, {"acteurRef": "PA719874", "mandatRef": "PM796674", "parDelegation": "true"}, {"acteurRef": "PA720038", "mandatRef": "PM796746", "parDelegation": "false"}, {"acteurRef": "PA720334", "mandatRef": "PM796884", "parDelegation": "false"}, {"acteurRef": "PA720560", "mandatRef": "PM797016", "parDelegation": "false"}, {"acteurRef": "PA720720", "mandatRef": "PM797076", "parDelegation": "false"}, {"acteurRef": "PA720728", "mandatRef": "PM797157", "parDelegation": "false"}, {"acteurRef": "PA720764", "mandatRef": "PM797166", "parDelegation": "false"}, {"acteurRef": "PA720772", "mandatRef": "PM797169", "parDelegation": "false"}, {"acteurRef": "PA721182", "mandatRef": "PM797736", "parDelegation": "false"}, {"acteurRef": "PA721976", "mandatRef": "PM797622", "parDelegation": "false"}, {"acteurRef": "PA721984", "mandatRef": "PM797367", "parDelegation": "false"}, {"acteurRef": "PA722162", "mandatRef": "PM797475", "parDelegation": "false"}, {"acteurRef": "PA722284", "mandatRef": "PM797238", "parDelegation": "false"}, {"acteurRef": "PA793122", "mandatRef": "PM796161", "parDelegation": "false"}, {"acteurRef": "PA793520", "mandatRef": "PM796377", "parDelegation": "false"}, {"acteurRef": "PA793716", "mandatRef": "PM796491", "parDelegation": "false"}, {"acteurRef": "PA794702", "mandatRef": "PM797070", "parDelegation": "false"}, {"acteurRef": "PA794810", "mandatRef": "PM797130", "parDelegation": "false"}, {"acteurRef": "PA794830", "mandatRef": "PM797145", "parDelegation": "false"}, {"acteurRef": "PA795100", "mandatRef": "PM797301", "parDelegation": "false"}, {"acteurRef": "PA795120", "mandatRef": "PM797310", "parDelegation": "false"}, {"acteurRef": "PA795258", "mandatRef": "PM797385", "parDelegation": "false"}, {"acteurRef": "PA795374", "mandatRef": "PM797448", "parDelegation": "false"}, {"acteurRef": "PA719918", "mandatRef": "PM803282", "parDelegation": "true"}, {"acteurRef": "PA720006", "mandatRef": "PM803286", "parDelegation": "false"}, {"acteurRef": "PA794194", "mandatRef": "PM802639", "parDelegation": "false"}, {"acteurRef": "PA793860", "mandatRef": "PM803290", "parDelegation": "false"}, {"acteurRef": "PA793792", "mandatRef": "PM803292", "parDelegation": "false"}]}, "abstentions": null}}}, {"organeRef": "PO800496", "nombreMembresGroupe": "31", "vote": {"positionMajoritaire": "pour", "decompteVoix": {"nonVotants": "0", "pour": "3", "contre": "0", "abstentions": "0", "nonVotantsVolontaires": "0"}, "decompteNominatif": {"nonVotants": null, "pours": {"votant": [{"acteurRef": "PA608172", "mandatRef": "PM797064", "parDelegation": "false"}, {"acteurRef": "PA793816", "mandatRef": "PM796548", "parDelegation": "true"}, {"acteurRef": "PA794094", "mandatRef": "PM796710", "parDelegation": "false"}]}, "contres": null, "abstentions": null}}}, {"organeRef": "PO800514", "nombreMembresGroupe": "30", "vote": {"positionMajoritaire": "contre", "decompteVoix": {"nonVotants": "0", "pour": "0", "contre": "18", "abstentions": "0", "nonVotantsVolontaires": "0"}, "decompteNominatif": {"nonVotants": null, "pours": null, "contres": {"votant": [{"acteurRef": "PA795270", "mandatRef": "PM797394", "parDelegation": "false"}, {"acteurRef": "PA794278", "mandatRef": "PM796824", "parDelegation": "false"}, {"acteurRef": "PA720230", "mandatRef": "PM796833", "parDelegation": "false"}, {"acteurRef": "PA719072", "mandatRef": "PM796392", "parDelegation": "false"}, {"acteurRef": "PA719528", "mandatRef": "PM796515", "parDelegation": "false"}, {"acteurRef": "PA719778", "mandatRef": "PM796713", "parDelegation": "false"}, {"acteurRef": "PA642868", "mandatRef": "PM796968", "parDelegation": "false"}, {"acteurRef": "PA722336", "mandatRef": "PM797139", "parDelegation": "false"}, {"acteurRef": "PA793306", "mandatRef": "PM796254", "parDelegation": "false"}, {"acteurRef": "PA793992", "mandatRef": "PM796641", "parDelegation": "false"}, {"acteurRef": "PA794234", "mandatRef": "PM796791", "parDelegation": "false"}, {"acteurRef": "PA794470", "mandatRef": "PM796947", "parDelegation": "false"}, {"acteurRef": "PA794818", "mandatRef": "PM797136", "parDelegation": "false"}, {"acteurRef": "PA794838", "mandatRef": "PM797148", "parDelegation": "false"}, {"acteurRef": "PA795026", "mandatRef": "PM797259", "parDelegation": "false"}, {"acteurRef": "PA795278", "mandatRef": "PM797397", "parDelegation": "false"}, {"acteurRef": "PA795350", "mandatRef": "PM797436", "parDelegation": "false"}, {"acteurRef": "PA795266", "mandatRef": "PM803280", "parDelegation": "false"}]}, "abstentions": null}}}, {"organeRef": "PO800526", "nombreMembresGroupe": "23", "vote": {"positionMajoritaire": "pour", "decompteVoix": {"nonVotants": "0", "pour": "7", "contre": "0", "abstentions": "0", "nonVotantsVolontaires": "0"}, "decompteNominatif": {"nonVotants": null, "pours": {"votant": [{"acteurRef": "PA610002", "mandatRef": "PM797286", "parDelegation": "false"}, {"acteurRef": "PA794008", "mandatRef": "PM796653", "parDelegation": "false"}, {"acteurRef": "PA793708", "mandatRef": "PM796488", "parDelegation": "true"}, {"acteurRef": "PA793780", "mandatRef": "PM796527", "parDelegation": "false"}, {"acteurRef": "PA794154", "mandatRef": "PM796743", "parDelegation": "false"}, {"acteurRef": "PA795362", "mandatRef": "PM797442", "parDelegation": "false"}, {"acteurRef": "PA795808", "mandatRef": "PM797694", "parDelegation": "false"}]}, "contres": null, "abstentions": null}}}, {"organeRef": "PO800502", "nombreMembresGroupe": "22", "vote": {"positionMajoritaire": "pour", "decompteVoix": {"nonVotants": "0", "pour": "3", "contre": "0", "abstentions": "0", "nonVotantsVolontaires": "0"}, "decompteNominatif": {"nonVotants": null, "pours": {"votant": [{"acteurRef": "PA605745", "mandatRef": "PM796419", "parDelegation": "false"}, {"acteurRef": "PA722202", "mandatRef": "PM797358", "parDelegation": "false"}, {"acteurRef": "PA721896", "mandatRef": "PM797664", "parDelegation": "false"}]}, "contres": null, "abstentions": null}}}, {"organeRef": "PO800532", "nombreMembresGroupe": "20", "vote": {"positionMajoritaire": "pour", "decompteVoix": {"nonVotants": "0", "pour": "5", "contre": "1", "abstentions": "0", "nonVotantsVolontaires": "0"}, "decompteNominatif": {"nonVotants": null, "pours": {"votant": [{"acteurRef": "PA605069", "mandatRef": "PM796179", "parDelegation": "false"}, {"acteurRef": "PA607619", "mandatRef": "PM796890", "parDelegation": "false"}, {"acteurRef": "PA719146", "mandatRef": "PM796359", "parDelegation": "false"}, {"acteurRef": "PA719286", "mandatRef": "PM796353", "parDelegation": "false"}, {"acteurRef": "PA267766", "mandatRef": "PM796980", "parDelegation": "false"}]}, "contres": {"votant": {"acteurRef": "PA942", "mandatRef": "PM796836", "parDelegation": "false"}}, "abstentions": null}}}, {"organeRef": "PO793087", "nombreMembresGroupe": "4", "vote": {"positionMajoritaire": "contre", "decompteVoix": {"nonVotants": "0", "pour": "0", "contre": "1", "abstentions": "0", "nonVotantsVolontaires": "0"}, "decompteNominatif": {"nonVotants": null, "pours": null, "contres": {"votant": {"acteurRef": "PA719608", "mandatRef": "PM796593", "parDelegation": "false"}}, "abstentions": null}}}]}}}, "miseAuPoint": {"nonVotants": [null, null], "pours": null, "abstentions": [null, null], "nonVotantsVolontaires": [null, null], "contres": {"votant": [{"acteurRef": "PA794322", "mandatRef": "PM796851"}, {"acteurRef": "PA330909", "mandatRef": "PM796314"}]}, "dysfonctionnement": {"nonVotants": null, "pour": null, "contre": null, "abstentions": null, "nonVotantsVolontaires": null}}}}