{"scrutin": {"@xmlns": "http://schemas.assemblee-nationale.fr/referentiel", "@xmlns:xsi": "http://www.w3.org/2001/XMLSchema-instance", "uid": "VTANR5L16V944", "numero": "944", "organeRef": "PO791932", "legislature": "16", "sessionRef": "SCR5A2023O1", "seanceRef": "RUANR5L16S2023IDS26787", "dateScrutin": "2023-02-10", "quantiemeJourSeance": "1", "typeVote": {"codeTypeVote": "SPO", "libelleTypeVote": "scrutin public ordinaire", "typeMajorite": "majorit\u00e9 absolue des suffrages exprim\u00e9s"}, "sort": {"code": "rejet\u00e9", "libelle": "L'Assembl\u00e9e nationale n'a pas adopt\u00e9"}, "titre": "l'amendement n\u00b0 1054 de M. Ruffin et les amendements identiques suivants \u00e0 l'article premier du projet de loi de financement rectificative de la s\u00e9curit\u00e9 sociale pour 2023 (premi\u00e8re lecture).", "demandeur": {"texte": "Pr\u00e9sidente du groupe \"Renaissance\"", "referenceLegislative": null}, "objet": {"libelle": "l'amendement n\u00b0 1054 de M. Ruffin et les amendements identiques suivants \u00e0 l'article premier du projet de loi de financement rectificative de la s\u00e9curit\u00e9 sociale pour 2023 (premi\u00e8re lecture).", "referenceLegislative": null}, "modePublicationDesVotes": "DecompteNominatif", "syntheseVote": {"nombreVotants": "298", "suffragesExprimes": "246", "nbrSuffragesRequis": "124", "annonce": "L'Assembl\u00e9e nationale n'a pas adopt\u00e9", "decompte": {"nonVotants": "1", "pour": "72", "contre": "174", "abstentions": "52", "nonVotantsVolontaires": "0"}}, "ventilationVotes": {"organe": {"organeRef": "PO791932", "groupes": {"groupe": [{"organeRef": "PO800538", "nombreMembresGroupe": "170", "vote": {"positionMajoritaire": "contre", "decompteVoix": {"nonVotants": "0", "pour": "0", "contre": "113", "abstentions": "0", "nonVotantsVolontaires": "0"}, "decompteNominatif": {"nonVotants": null, "pours": null, "contres": {"votant": [{"acteurRef": "PA345722", "mandatRef": "PM797718", "parDelegation": "false"}, {"acteurRef": "PA643184", "mandatRef": "PM797142", "parDelegation": "false"}, {"acteurRef": "PA340643", "mandatRef": "PM796335", "parDelegation": "false"}, {"acteurRef": "PA793194", "mandatRef": "PM796200", "parDelegation": "false"}, {"acteurRef": "PA719118", "mandatRef": "PM796416", "parDelegation": "false"}, {"acteurRef": "PA267336", "mandatRef": "PM796152", "parDelegation": "false"}, {"acteurRef": "PA721880", "mandatRef": "PM797640", "parDelegation": "false"}, {"acteurRef": "PA331835", "mandatRef": "PM796518", "parDelegation": "false"}, {"acteurRef": "PA334116", "mandatRef": "PM797037", "parDelegation": "false"}, {"acteurRef": "PA795386", "mandatRef": "PM797454", "parDelegation": "false"}, {"acteurRef": "PA605963", "mandatRef": "PM796494", "parDelegation": "false"}, {"acteurRef": "PA606507", "mandatRef": "PM796605", "parDelegation": "false"}, {"acteurRef": "PA606639", "mandatRef": "PM796602", "parDelegation": "false"}, {"acteurRef": "PA607193", "mandatRef": "PM796839", "parDelegation": "false"}, {"acteurRef": "PA721296", "mandatRef": "PM797457", "parDelegation": "false"}, {"acteurRef": "PA721852", "mandatRef": "PM797565", "parDelegation": "true"}, {"acteurRef": "PA717379", "mandatRef": "PM797265", "parDelegation": "false"}, {"acteurRef": "PA677483", "mandatRef": "PM796233", "parDelegation": "false"}, {"acteurRef": "PA718910", "mandatRef": "PM796245", "parDelegation": "false"}, {"acteurRef": "PA718930", "mandatRef": "PM796287", "parDelegation": "false"}, {"acteurRef": "PA719032", "mandatRef": "PM796308", "parDelegation": "false"}, {"acteurRef": "PA719080", "mandatRef": "PM796395", "parDelegation": "false"}, {"acteurRef": "PA719108", "mandatRef": "PM796410", "parDelegation": "true"}, {"acteurRef": "PA719154", "mandatRef": "PM796362", "parDelegation": "false"}, {"acteurRef": "PA719186", "mandatRef": "PM796368", "parDelegation": "false"}, {"acteurRef": "PA719294", "mandatRef": "PM796431", "parDelegation": "false"}, {"acteurRef": "PA719338", "mandatRef": "PM796545", "parDelegation": "false"}, {"acteurRef": "PA719372", "mandatRef": "PM796446", "parDelegation": "false"}, {"acteurRef": "PA719388", "mandatRef": "PM796458", "parDelegation": "true"}, {"acteurRef": "PA719404", "mandatRef": "PM796539", "parDelegation": "false"}, {"acteurRef": "PA719512", "mandatRef": "PM796509", "parDelegation": "false"}, {"acteurRef": "PA719550", "mandatRef": "PM796551", "parDelegation": "true"}, {"acteurRef": "PA719600", "mandatRef": "PM796629", "parDelegation": "false"}, {"acteurRef": "PA719756", "mandatRef": "PM796701", "parDelegation": "false"}, {"acteurRef": "PA719798", "mandatRef": "PM796638", "parDelegation": "false"}, {"acteurRef": "PA719814", "mandatRef": "PM796644", "parDelegation": "false"}, {"acteurRef": "PA719866", "mandatRef": "PM796671", "parDelegation": "false"}, {"acteurRef": "PA719890", "mandatRef": "PM796680", "parDelegation": "false"}, {"acteurRef": "PA720014", "mandatRef": "PM796863", "parDelegation": "true"}, {"acteurRef": "PA720022", "mandatRef": "PM796866", "parDelegation": "false"}, {"acteurRef": "PA720066", "mandatRef": "PM796842", "parDelegation": "false"}, {"acteurRef": "PA720074", "mandatRef": "PM796845", "parDelegation": "true"}, {"acteurRef": "PA643175", "mandatRef": "PM796794", "parDelegation": "false"}, {"acteurRef": "PA720146", "mandatRef": "PM796803", "parDelegation": "false"}, {"acteurRef": "PA720190", "mandatRef": "PM796815", "parDelegation": "false"}, {"acteurRef": "PA720222", "mandatRef": "PM796830", "parDelegation": "false"}, {"acteurRef": "PA720342", "mandatRef": "PM796887", "parDelegation": "true"}, {"acteurRef": "PA720354", "mandatRef": "PM796896", "parDelegation": "false"}, {"acteurRef": "PA720362", "mandatRef": "PM796899", "parDelegation": "false"}, {"acteurRef": "PA720370", "mandatRef": "PM796902", "parDelegation": "false"}, {"acteurRef": "PA720414", "mandatRef": "PM797019", "parDelegation": "false"}, {"acteurRef": "PA720446", "mandatRef": "PM797031", "parDelegation": "false"}, {"acteurRef": "PA720480", "mandatRef": "PM796944", "parDelegation": "false"}, {"acteurRef": "PA720862", "mandatRef": "PM797412", "parDelegation": "false"}, {"acteurRef": "PA720900", "mandatRef": "PM797553", "parDelegation": "false"}, {"acteurRef": "PA720932", "mandatRef": "PM797586", "parDelegation": "false"}, {"acteurRef": "PA721004", "mandatRef": "PM797496", "parDelegation": "false"}, {"acteurRef": "PA721024", "mandatRef": "PM797592", "parDelegation": "false"}, {"acteurRef": "PA721328", "mandatRef": "PM797250", "parDelegation": "false"}, {"acteurRef": "PA721426", "mandatRef": "PM797322", "parDelegation": "false"}, {"acteurRef": "PA721584", "mandatRef": "PM797712", "parDelegation": "false"}, {"acteurRef": "PA721678", "mandatRef": "PM797634", "parDelegation": "false"}, {"acteurRef": "PA721710", "mandatRef": "PM797505", "parDelegation": "false"}, {"acteurRef": "PA721750", "mandatRef": "PM797715", "parDelegation": "false"}, {"acteurRef": "PA722000", "mandatRef": "PM797400", "parDelegation": "false"}, {"acteurRef": "PA722046", "mandatRef": "PM797625", "parDelegation": "false"}, {"acteurRef": "PA722054", "mandatRef": "PM797598", "parDelegation": "false"}, {"acteurRef": "PA722150", "mandatRef": "PM797445", "parDelegation": "false"}, {"acteurRef": "PA722358", "mandatRef": "PM797235", "parDelegation": "false"}, {"acteurRef": "PA794930", "mandatRef": "PM797199", "parDelegation": "true"}, {"acteurRef": "PA795920", "mandatRef": "PM797754", "parDelegation": "false"}, {"acteurRef": "PA793270", "mandatRef": "PM796239", "parDelegation": "false"}, {"acteurRef": "PA793278", "mandatRef": "PM796242", "parDelegation": "false"}, {"acteurRef": "PA793500", "mandatRef": "PM796365", "parDelegation": "false"}, {"acteurRef": "PA794206", "mandatRef": "PM796779", "parDelegation": "false"}, {"acteurRef": "PA794214", "mandatRef": "PM796782", "parDelegation": "false"}, {"acteurRef": "PA794330", "mandatRef": "PM796854", "parDelegation": "false"}, {"acteurRef": "PA794386", "mandatRef": "PM796893", "parDelegation": "false"}, {"acteurRef": "PA794450", "mandatRef": "PM796938", "parDelegation": "false"}, {"acteurRef": "PA794486", "mandatRef": "PM796953", "parDelegation": "false"}, {"acteurRef": "PA794510", "mandatRef": "PM796965", "parDelegation": "false"}, {"acteurRef": "PA794798", "mandatRef": "PM797124", "parDelegation": "false"}, {"acteurRef": "PA794878", "mandatRef": "PM797175", "parDelegation": "false"}, {"acteurRef": "PA794974", "mandatRef": "PM797223", "parDelegation": "false"}, {"acteurRef": "PA795176", "mandatRef": "PM797343", "parDelegation": "false"}, {"acteurRef": "PA795216", "mandatRef": "PM797364", "parDelegation": "true"}, {"acteurRef": "PA721482", "mandatRef": "PM797514", "parDelegation": "false"}, {"acteurRef": "PA795528", "mandatRef": "PM797535", "parDelegation": "false"}, {"acteurRef": "PA795664", "mandatRef": "PM797613", "parDelegation": "true"}, {"acteurRef": "PA795722", "mandatRef": "PM797649", "parDelegation": "false"}, {"acteurRef": "PA795864", "mandatRef": "PM797721", "parDelegation": "false"}, {"acteurRef": "PA795884", "mandatRef": "PM797733", "parDelegation": "false"}, {"acteurRef": "PA795908", "mandatRef": "PM797748", "parDelegation": "false"}, {"acteurRef": "PA795926", "mandatRef": "PM797757", "parDelegation": "false"}, {"acteurRef": "PA795950", "mandatRef": "PM797775", "parDelegation": "false"}, {"acteurRef": "PA795958", "mandatRef": "PM797778", "parDelegation": "false"}, {"acteurRef": "PA795990", "mandatRef": "PM797793", "parDelegation": "false"}, {"acteurRef": "PA712014", "mandatRef": "PM802637", "parDelegation": "true"}, {"acteurRef": "PA642695", "mandatRef": "PM796389", "parDelegation": "false"}, {"acteurRef": "PA721632", "mandatRef": "PM802647", "parDelegation": "false"}, {"acteurRef": "PA719664", "mandatRef": "PM796611", "parDelegation": "false"}, {"acteurRef": "PA721170", "mandatRef": "PM797463", "parDelegation": "false"}, {"acteurRef": "PA793416", "mandatRef": "PM802635", "parDelegation": "false"}, {"acteurRef": "PA793190", "mandatRef": "PM802633", "parDelegation": "false"}, {"acteurRef": "PA795046", "mandatRef": "PM802641", "parDelegation": "true"}, {"acteurRef": "PA794004", "mandatRef": "PM802643", "parDelegation": "true"}, {"acteurRef": "PA795934", "mandatRef": "PM802645", "parDelegation": "false"}, {"acteurRef": "PA795068", "mandatRef": "PM802649", "parDelegation": "false"}, {"acteurRef": "PA721828", "mandatRef": "PM802651", "parDelegation": "false"}, {"acteurRef": "PA794846", "mandatRef": "PM803276", "parDelegation": "true"}, {"acteurRef": "PA720174", "mandatRef": "PM803278", "parDelegation": "false"}, {"acteurRef": "PA793528", "mandatRef": "PM803284", "parDelegation": "false"}, {"acteurRef": "PA719672", "mandatRef": "PM803288", "parDelegation": "false"}]}, "abstentions": null}}}, {"organeRef": "PO800520", "nombreMembresGroupe": "88", "vote": {"positionMajoritaire": "abstention", "decompteVoix": {"nonVotants": "1", "pour": "0", "contre": "0", "abstentions": "52", "nonVotantsVolontaires": "52"}, "decompteNominatif": {"nonVotants": {"votant": {"acteurRef": "PA794354", "mandatRef": "PM796869", "causePositionVote": "PSE"}}, "pours": null, "contres": null, "abstentions": {"votant": [{"acteurRef": "PA720614", "mandatRef": "PM797055", "parDelegation": "false"}, {"acteurRef": "PA793432", "mandatRef": "PM796323", "parDelegation": "false"}, {"acteurRef": "PA795778", "mandatRef": "PM797682", "parDelegation": "false"}, {"acteurRef": "PA720822", "mandatRef": "PM797058", "parDelegation": "false"}, {"acteurRef": "PA794670", "mandatRef": "PM797049", "parDelegation": "false"}, {"acteurRef": "PA794590", "mandatRef": "PM797007", "parDelegation": "false"}, {"acteurRef": "PA793146", "mandatRef": "PM796173", "parDelegation": "false"}, {"acteurRef": "PA793158", "mandatRef": "PM796182", "parDelegation": "false"}, {"acteurRef": "PA793166", "mandatRef": "PM796185", "parDelegation": "false"}, {"acteurRef": "PA793182", "mandatRef": "PM796191", "parDelegation": "false"}, {"acteurRef": "PA793218", "mandatRef": "PM796215", "parDelegation": "false"}, {"acteurRef": "PA793230", "mandatRef": "PM796221", "parDelegation": "false"}, {"acteurRef": "PA793238", "mandatRef": "PM796224", "parDelegation": "false"}, {"acteurRef": "PA793246", "mandatRef": "PM796227", "parDelegation": "false"}, {"acteurRef": "PA793290", "mandatRef": "PM796248", "parDelegation": "false"}, {"acteurRef": "PA793298", "mandatRef": "PM796251", "parDelegation": "false"}, {"acteurRef": "PA793330", "mandatRef": "PM796263", "parDelegation": "false"}, {"acteurRef": "PA793354", "mandatRef": "PM796281", "parDelegation": "false"}, {"acteurRef": "PA793374", "mandatRef": "PM796290", "parDelegation": "false"}, {"acteurRef": "PA793616", "mandatRef": "PM796437", "parDelegation": "false"}, {"acteurRef": "PA793632", "mandatRef": "PM796443", "parDelegation": "true"}, {"acteurRef": "PA793656", "mandatRef": "PM796464", "parDelegation": "false"}, {"acteurRef": "PA793672", "mandatRef": "PM796473", "parDelegation": "false"}, {"acteurRef": "PA793696", "mandatRef": "PM796482", "parDelegation": "false"}, {"acteurRef": "PA793832", "mandatRef": "PM796557", "parDelegation": "false"}, {"acteurRef": "PA793844", "mandatRef": "PM796563", "parDelegation": "false"}, {"acteurRef": "PA793904", "mandatRef": "PM796596", "parDelegation": "false"}, {"acteurRef": "PA793928", "mandatRef": "PM796608", "parDelegation": "false"}, {"acteurRef": "PA793964", "mandatRef": "PM796626", "parDelegation": "false"}, {"acteurRef": "PA794030", "mandatRef": "PM796665", "parDelegation": "false"}, {"acteurRef": "PA794222", "mandatRef": "PM796785", "parDelegation": "false"}, {"acteurRef": "PA794314", "mandatRef": "PM796848", "parDelegation": "false"}, {"acteurRef": "PA794322", "mandatRef": "PM796851", "parDelegation": "false"}, {"acteurRef": "PA794434", "mandatRef": "PM796920", "parDelegation": "false"}, {"acteurRef": "PA794502", "mandatRef": "PM796962", "parDelegation": "false"}, {"acteurRef": "PA794530", "mandatRef": "PM796974", "parDelegation": "false"}, {"acteurRef": "PA794562", "mandatRef": "PM796995", "parDelegation": "true"}, {"acteurRef": "PA794638", "mandatRef": "PM797034", "parDelegation": "false"}, {"acteurRef": "PA794678", "mandatRef": "PM797052", "parDelegation": "false"}, {"acteurRef": "PA794762", "mandatRef": "PM797109", "parDelegation": "false"}, {"acteurRef": "PA794886", "mandatRef": "PM797178", "parDelegation": "true"}, {"acteurRef": "PA794894", "mandatRef": "PM797181", "parDelegation": "false"}, {"acteurRef": "PA794954", "mandatRef": "PM797208", "parDelegation": "false"}, {"acteurRef": "PA795410", "mandatRef": "PM797472", "parDelegation": "false"}, {"acteurRef": "PA795540", "mandatRef": "PM797541", "parDelegation": "false"}, {"acteurRef": "PA795644", "mandatRef": "PM797604", "parDelegation": "false"}, {"acteurRef": "PA795836", "mandatRef": "PM797706", "parDelegation": "false"}, {"acteurRef": "PA795900", "mandatRef": "PM797745", "parDelegation": "false"}, {"acteurRef": "PA796026", "mandatRef": "PM797814", "parDelegation": "false"}, {"acteurRef": "PA796034", "mandatRef": "PM797817", "parDelegation": "false"}, {"acteurRef": "PA796042", "mandatRef": "PM797820", "parDelegation": "false"}, {"acteurRef": "PA796118", "mandatRef": "PM797859", "parDelegation": "false"}]}}}}, {"organeRef": "PO800490", "nombreMembresGroupe": "74", "vote": {"positionMajoritaire": "pour", "decompteVoix": {"nonVotants": "0", "pour": "47", "contre": "0", "abstentions": "0", "nonVotantsVolontaires": "0"}, "decompteNominatif": {"nonVotants": null, "pours": {"votant": [{"acteurRef": "PA610654", "mandatRef": "PM797724", "parDelegation": "true"}, {"acteurRef": "PA588884", "mandatRef": "PM797373", "parDelegation": "false"}, {"acteurRef": "PA720430", "mandatRef": "PM797025", "parDelegation": "false"}, {"acteurRef": "PA720892", "mandatRef": "PM797520", "parDelegation": "false"}, {"acteurRef": "PA721960", "mandatRef": "PM797811", "parDelegation": "false"}, {"acteurRef": "PA794478", "mandatRef": "PM796950", "parDelegation": "false"}, {"acteurRef": "PA795982", "mandatRef": "PM797787", "parDelegation": "false"}, {"acteurRef": "PA795596", "mandatRef": "PM797580", "parDelegation": "false"}, {"acteurRef": "PA795672", "mandatRef": "PM797616", "parDelegation": "false"}, {"acteurRef": "PA791824", "mandatRef": "PM797808", "parDelegation": "false"}, {"acteurRef": "PA793110", "mandatRef": "PM796146", "parDelegation": "false"}, {"acteurRef": "PA793262", "mandatRef": "PM796236", "parDelegation": "false"}, {"acteurRef": "PA793444", "mandatRef": "PM796329", "parDelegation": "false"}, {"acteurRef": "PA793452", "mandatRef": "PM796332", "parDelegation": "false"}, {"acteurRef": "PA793532", "mandatRef": "PM796386", "parDelegation": "false"}, {"acteurRef": "PA793680", "mandatRef": "PM796476", "parDelegation": "false"}, {"acteurRef": "PA793724", "mandatRef": "PM796497", "parDelegation": "false"}, {"acteurRef": "PA793736", "mandatRef": "PM796503", "parDelegation": "false"}, {"acteurRef": "PA793744", "mandatRef": "PM796506", "parDelegation": "false"}, {"acteurRef": "PA793756", "mandatRef": "PM796512", "parDelegation": "false"}, {"acteurRef": "PA793872", "mandatRef": "PM796581", "parDelegation": "false"}, {"acteurRef": "PA793884", "mandatRef": "PM796587", "parDelegation": "false"}, {"acteurRef": "PA793912", "mandatRef": "PM796599", "parDelegation": "false"}, {"acteurRef": "PA794066", "mandatRef": "PM796689", "parDelegation": "false"}, {"acteurRef": "PA794106", "mandatRef": "PM796716", "parDelegation": "false"}, {"acteurRef": "PA794138", "mandatRef": "PM796734", "parDelegation": "false"}, {"acteurRef": "PA794166", "mandatRef": "PM796749", "parDelegation": "false"}, {"acteurRef": "PA794402", "mandatRef": "PM796905", "parDelegation": "false"}, {"acteurRef": "PA794458", "mandatRef": "PM796941", "parDelegation": "false"}, {"acteurRef": "PA794686", "mandatRef": "PM797061", "parDelegation": "false"}, {"acteurRef": "PA794786", "mandatRef": "PM797118", "parDelegation": "false"}, {"acteurRef": "PA794906", "mandatRef": "PM797187", "parDelegation": "false"}, {"acteurRef": "PA794938", "mandatRef": "PM797202", "parDelegation": "false"}, {"acteurRef": "PA795108", "mandatRef": "PM797304", "parDelegation": "false"}, {"acteurRef": "PA795136", "mandatRef": "PM797319", "parDelegation": "false"}, {"acteurRef": "PA795164", "mandatRef": "PM797337", "parDelegation": "false"}, {"acteurRef": "PA795298", "mandatRef": "PM797409", "parDelegation": "false"}, {"acteurRef": "PA795482", "mandatRef": "PM797508", "parDelegation": "false"}, {"acteurRef": "PA795580", "mandatRef": "PM797574", "parDelegation": "false"}, {"acteurRef": "PA795588", "mandatRef": "PM797577", "parDelegation": "false"}, {"acteurRef": "PA795616", "mandatRef": "PM797589", "parDelegation": "false"}, {"acteurRef": "PA795692", "mandatRef": "PM797628", "parDelegation": "false"}, {"acteurRef": "PA795746", "mandatRef": "PM797661", "parDelegation": "false"}, {"acteurRef": "PA795844", "mandatRef": "PM797709", "parDelegation": "false"}, {"acteurRef": "PA796018", "mandatRef": "PM797805", "parDelegation": "false"}, {"acteurRef": "PA796062", "mandatRef": "PM797832", "parDelegation": "false"}, {"acteurRef": "PA817211", "mandatRef": "PM817366", "parDelegation": "false"}]}, "contres": null, "abstentions": null}}}, {"organeRef": "PO800508", "nombreMembresGroupe": "61", "vote": {"positionMajoritaire": "contre", "decompteVoix": {"nonVotants": "0", "pour": "0", "contre": "17", "abstentions": "0", "nonVotantsVolontaires": "0"}, "decompteNominatif": {"nonVotants": null, "pours": null, "contres": {"votant": [{"acteurRef": "PA606098", "mandatRef": "PM796449", "parDelegation": "false"}, {"acteurRef": "PA721410", "mandatRef": "PM797316", "parDelegation": "false"}, {"acteurRef": "PA607090", "mandatRef": "PM796761", "parDelegation": "false"}, {"acteurRef": "PA608016", "mandatRef": "PM797100", "parDelegation": "false"}, {"acteurRef": "PA720386", "mandatRef": "PM796908", "parDelegation": "false"}, {"acteurRef": "PA720630", "mandatRef": "PM797094", "parDelegation": "false"}, {"acteurRef": "PA721474", "mandatRef": "PM797511", "parDelegation": "false"}, {"acteurRef": "PA346054", "mandatRef": "PM797679", "parDelegation": "false"}, {"acteurRef": "PA793094", "mandatRef": "PM796140", "parDelegation": "false"}, {"acteurRef": "PA793476", "mandatRef": "PM796344", "parDelegation": "false"}, {"acteurRef": "PA793508", "mandatRef": "PM796371", "parDelegation": "false"}, {"acteurRef": "PA794914", "mandatRef": "PM797190", "parDelegation": "false"}, {"acteurRef": "PA346782", "mandatRef": "PM797691", "parDelegation": "false"}, {"acteurRef": "PA330909", "mandatRef": "PM796314", "parDelegation": "false"}, {"acteurRef": "PA266793", "mandatRef": "PM796317", "parDelegation": "false"}, {"acteurRef": "PA643089", "mandatRef": "PM797439", "parDelegation": "false"}, {"acteurRef": "PA722308", "mandatRef": "PM797229", "parDelegation": "false"}]}, "abstentions": null}}}, {"organeRef": "PO800484", "nombreMembresGroupe": "51", "vote": {"positionMajoritaire": "contre", "decompteVoix": {"nonVotants": "0", "pour": "0", "contre": "28", "abstentions": "0", "nonVotantsVolontaires": "0"}, "decompteNominatif": {"nonVotants": null, "pours": null, "contres": {"votant": [{"acteurRef": "PA721608", "mandatRef": "PM797790", "parDelegation": "true"}, {"acteurRef": "PA794114", "mandatRef": "PM796719", "parDelegation": "false"}, {"acteurRef": "PA719024", "mandatRef": "PM796305", "parDelegation": "false"}, {"acteurRef": "PA719558", "mandatRef": "PM796554", "parDelegation": "false"}, {"acteurRef": "PA719640", "mandatRef": "PM796575", "parDelegation": "false"}, {"acteurRef": "PA720038", "mandatRef": "PM796746", "parDelegation": "false"}, {"acteurRef": "PA720256", "mandatRef": "PM796929", "parDelegation": "false"}, {"acteurRef": "PA720334", "mandatRef": "PM796884", "parDelegation": "false"}, {"acteurRef": "PA720704", "mandatRef": "PM797067", "parDelegation": "false"}, {"acteurRef": "PA720720", "mandatRef": "PM797076", "parDelegation": "true"}, {"acteurRef": "PA720728", "mandatRef": "PM797157", "parDelegation": "false"}, {"acteurRef": "PA721182", "mandatRef": "PM797736", "parDelegation": "false"}, {"acteurRef": "PA721234", "mandatRef": "PM797451", "parDelegation": "false"}, {"acteurRef": "PA721530", "mandatRef": "PM797433", "parDelegation": "false"}, {"acteurRef": "PA722162", "mandatRef": "PM797475", "parDelegation": "false"}, {"acteurRef": "PA722284", "mandatRef": "PM797238", "parDelegation": "false"}, {"acteurRef": "PA722374", "mandatRef": "PM797196", "parDelegation": "true"}, {"acteurRef": "PA793122", "mandatRef": "PM796161", "parDelegation": "true"}, {"acteurRef": "PA793560", "mandatRef": "PM796404", "parDelegation": "true"}, {"acteurRef": "PA794702", "mandatRef": "PM797070", "parDelegation": "false"}, {"acteurRef": "PA795100", "mandatRef": "PM797301", "parDelegation": "false"}, {"acteurRef": "PA795120", "mandatRef": "PM797310", "parDelegation": "false"}, {"acteurRef": "PA795258", "mandatRef": "PM797385", "parDelegation": "false"}, {"acteurRef": "PA795374", "mandatRef": "PM797448", "parDelegation": "false"}, {"acteurRef": "PA720006", "mandatRef": "PM803286", "parDelegation": "false"}, {"acteurRef": "PA721760", "mandatRef": "PM797295", "parDelegation": "false"}, {"acteurRef": "PA793792", "mandatRef": "PM803292", "parDelegation": "false"}, {"acteurRef": "PA805166", "mandatRef": "PM805854", "parDelegation": "false"}]}, "abstentions": null}}}, {"organeRef": "PO800496", "nombreMembresGroupe": "31", "vote": {"positionMajoritaire": "pour", "decompteVoix": {"nonVotants": "0", "pour": "8", "contre": "0", "abstentions": "0", "nonVotantsVolontaires": "0"}, "decompteNominatif": {"nonVotants": null, "pours": {"votant": [{"acteurRef": "PA340343", "mandatRef": "PM796275", "parDelegation": "false"}, {"acteurRef": "PA794854", "mandatRef": "PM797163", "parDelegation": "false"}, {"acteurRef": "PA795430", "mandatRef": "PM797481", "parDelegation": "false"}, {"acteurRef": "PA643143", "mandatRef": "PM797646", "parDelegation": "false"}, {"acteurRef": "PA1567", "mandatRef": "PM797631", "parDelegation": "false"}, {"acteurRef": "PA642764", "mandatRef": "PM796524", "parDelegation": "false"}, {"acteurRef": "PA643157", "mandatRef": "PM797763", "parDelegation": "false"}, {"acteurRef": "PA643192", "mandatRef": "PM797097", "parDelegation": "false"}]}, "contres": null, "abstentions": null}}}, {"organeRef": "PO800514", "nombreMembresGroupe": "29", "vote": {"positionMajoritaire": "contre", "decompteVoix": {"nonVotants": "0", "pour": "0", "contre": "15", "abstentions": "0", "nonVotantsVolontaires": "0"}, "decompteNominatif": {"nonVotants": null, "pours": null, "contres": {"votant": [{"acteurRef": "PA267042", "mandatRef": "PM796932", "parDelegation": "false"}, {"acteurRef": "PA795270", "mandatRef": "PM797394", "parDelegation": "false"}, {"acteurRef": "PA332228", "mandatRef": "PM796704", "parDelegation": "false"}, {"acteurRef": "PA605782", "mandatRef": "PM796350", "parDelegation": "false"}, {"acteurRef": "PA719396", "mandatRef": "PM796461", "parDelegation": "false"}, {"acteurRef": "PA719528", "mandatRef": "PM796515", "parDelegation": "false"}, {"acteurRef": "PA793306", "mandatRef": "PM796254", "parDelegation": "false"}, {"acteurRef": "PA793572", "mandatRef": "PM796413", "parDelegation": "false"}, {"acteurRef": "PA793992", "mandatRef": "PM796641", "parDelegation": "false"}, {"acteurRef": "PA794234", "mandatRef": "PM796791", "parDelegation": "false"}, {"acteurRef": "PA794426", "mandatRef": "PM796917", "parDelegation": "false"}, {"acteurRef": "PA794818", "mandatRef": "PM797136", "parDelegation": "false"}, {"acteurRef": "PA794838", "mandatRef": "PM797148", "parDelegation": "false"}, {"acteurRef": "PA795026", "mandatRef": "PM797259", "parDelegation": "false"}, {"acteurRef": "PA795350", "mandatRef": "PM797436", "parDelegation": "false"}]}, "abstentions": null}}}, {"organeRef": "PO800502", "nombreMembresGroupe": "22", "vote": {"positionMajoritaire": "pour", "decompteVoix": {"nonVotants": "0", "pour": "7", "contre": "0", "abstentions": "0", "nonVotantsVolontaires": "0"}, "decompteNominatif": {"nonVotants": null, "pours": {"votant": [{"acteurRef": "PA722202", "mandatRef": "PM797358", "parDelegation": "false"}, {"acteurRef": "PA718926", "mandatRef": "PM796326", "parDelegation": "false"}, {"acteurRef": "PA722110", "mandatRef": "PM797853", "parDelegation": "false"}, {"acteurRef": "PA795820", "mandatRef": "PM797700", "parDelegation": "false"}, {"acteurRef": "PA795998", "mandatRef": "PM797796", "parDelegation": "false"}, {"acteurRef": "PA335612", "mandatRef": "PM797391", "parDelegation": "true"}, {"acteurRef": "PA774962", "mandatRef": "PM797766", "parDelegation": "false"}]}, "contres": null, "abstentions": null}}}, {"organeRef": "PO800526", "nombreMembresGroupe": "22", "vote": {"positionMajoritaire": "pour", "decompteVoix": {"nonVotants": "0", "pour": "10", "contre": "0", "abstentions": "0", "nonVotantsVolontaires": "0"}, "decompteNominatif": {"nonVotants": null, "pours": {"votant": [{"acteurRef": "PA794022", "mandatRef": "PM796662", "parDelegation": "false"}, {"acteurRef": "PA736201", "mandatRef": "PM797523", "parDelegation": "false"}, {"acteurRef": "PA793708", "mandatRef": "PM796488", "parDelegation": "false"}, {"acteurRef": "PA793980", "mandatRef": "PM796635", "parDelegation": "false"}, {"acteurRef": "PA794154", "mandatRef": "PM796743", "parDelegation": "false"}, {"acteurRef": "PA794778", "mandatRef": "PM797115", "parDelegation": "false"}, {"acteurRef": "PA795010", "mandatRef": "PM797247", "parDelegation": "false"}, {"acteurRef": "PA795076", "mandatRef": "PM797289", "parDelegation": "false"}, {"acteurRef": "PA795636", "mandatRef": "PM797601", "parDelegation": "false"}, {"acteurRef": "PA795808", "mandatRef": "PM797694", "parDelegation": "false"}]}, "contres": null, "abstentions": null}}}, {"organeRef": "PO800532", "nombreMembresGroupe": "20", "vote": {"positionMajoritaire": "pour", "decompteVoix": {"nonVotants": "0", "pour": "0", "contre": "0", "abstentions": "0", "nonVotantsVolontaires": "0"}, "decompteNominatif": {"nonVotants": null, "pours": null, "contres": null, "abstentions": null}}}, {"organeRef": "PO793087", "nombreMembresGroupe": "5", "vote": {"positionMajoritaire": "contre", "decompteVoix": {"nonVotants": "0", "pour": "0", "contre": "1", "abstentions": "0", "nonVotantsVolontaires": "0"}, "decompteNominatif": {"nonVotants": null, "pours": null, "contres": {"votant": {"acteurRef": "PA719608", "mandatRef": "PM796593", "parDelegation": "false"}}, "abstentions": null}}}]}}}, "miseAuPoint": null}}