{"scrutin": {"@xmlns": "http://schemas.assemblee-nationale.fr/referentiel", "@xmlns:xsi": "http://www.w3.org/2001/XMLSchema-instance", "uid": "VTANR5L16V505", "numero": "505", "organeRef": "PO791932", "legislature": "16", "sessionRef": "SCR5A2023O1", "seanceRef": "RUANR5L16S2023IDS26445", "dateScrutin": "2022-11-07", "quantiemeJourSeance": "2", "typeVote": {"codeTypeVote": "SPO", "libelleTypeVote": "scrutin public ordinaire", "typeMajorite": "majorit\u00e9 absolue des suffrages exprim\u00e9s"}, "sort": {"code": "rejet\u00e9", "libelle": "L'Assembl\u00e9e nationale n'a pas adopt\u00e9"}, "titre": "l'amendement n\u00b0 339 de M. Jean-Philippe Tanguy avant l'article 1 du projet de loi de finances rectificative pour 2022 (premi\u00e8re lecture).", "demandeur": {"texte": "Pr\u00e9sidente du groupe \"Rassemblement National\"", "referenceLegislative": null}, "objet": {"libelle": "l'amendement n\u00b0 339 de M. Jean-Philippe Tanguy avant l'article 1 du projet de loi de finances rectificative pour 2022 (premi\u00e8re lecture).", "referenceLegislative": null}, "modePublicationDesVotes": "DecompteNominatif", "syntheseVote": {"nombreVotants": "225", "suffragesExprimes": "209", "nbrSuffragesRequis": "105", "annonce": "L'Assembl\u00e9e nationale n'a pas adopt\u00e9", "decompte": {"nonVotants": "1", "pour": "52", "contre": "157", "abstentions": "16", "nonVotantsVolontaires": "0"}}, "ventilationVotes": {"organe": {"organeRef": "PO791932", "groupes": {"groupe": [{"organeRef": "PO800538", "nombreMembresGroupe": "170", "vote": {"positionMajoritaire": "contre", "decompteVoix": {"nonVotants": "0", "pour": "0", "contre": "102", "abstentions": "0", "nonVotantsVolontaires": "0"}, "decompteNominatif": {"nonVotants": null, "pours": null, "contres": {"votant": [{"acteurRef": "PA345722", "mandatRef": "PM797718", "parDelegation": "true"}, {"acteurRef": "PA643184", "mandatRef": "PM797142", "parDelegation": "true"}, {"acteurRef": "PA722398", "mandatRef": "PM797217", "parDelegation": "false"}, {"acteurRef": "PA793194", "mandatRef": "PM796200", "parDelegation": "false"}, {"acteurRef": "PA719118", "mandatRef": "PM796416", "parDelegation": "false"}, {"acteurRef": "PA267336", "mandatRef": "PM796152", "parDelegation": "true"}, {"acteurRef": "PA2960", "mandatRef": "PM797001", "parDelegation": "true"}, {"acteurRef": "PA721722", "mandatRef": "PM797502", "parDelegation": "false"}, {"acteurRef": "PA795386", "mandatRef": "PM797454", "parDelegation": "false"}, {"acteurRef": "PA722252", "mandatRef": "PM797610", "parDelegation": "false"}, {"acteurRef": "PA794802", "mandatRef": "PM797127", "parDelegation": "true"}, {"acteurRef": "PA605963", "mandatRef": "PM796494", "parDelegation": "false"}, {"acteurRef": "PA607193", "mandatRef": "PM796839", "parDelegation": "false"}, {"acteurRef": "PA607395", "mandatRef": "PM796818", "parDelegation": "false"}, {"acteurRef": "PA721296", "mandatRef": "PM797457", "parDelegation": "false"}, {"acteurRef": "PA721852", "mandatRef": "PM797565", "parDelegation": "true"}, {"acteurRef": "PA717379", "mandatRef": "PM797265", "parDelegation": "false"}, {"acteurRef": "PA718674", "mandatRef": "PM796164", "parDelegation": "true"}, {"acteurRef": "PA718710", "mandatRef": "PM796149", "parDelegation": "false"}, {"acteurRef": "PA677483", "mandatRef": "PM796233", "parDelegation": "false"}, {"acteurRef": "PA719032", "mandatRef": "PM796308", "parDelegation": "false"}, {"acteurRef": "PA719080", "mandatRef": "PM796395", "parDelegation": "false"}, {"acteurRef": "PA719108", "mandatRef": "PM796410", "parDelegation": "true"}, {"acteurRef": "PA719202", "mandatRef": "PM796374", "parDelegation": "true"}, {"acteurRef": "PA719372", "mandatRef": "PM796446", "parDelegation": "false"}, {"acteurRef": "PA719388", "mandatRef": "PM796458", "parDelegation": "false"}, {"acteurRef": "PA719472", "mandatRef": "PM796533", "parDelegation": "false"}, {"acteurRef": "PA719512", "mandatRef": "PM796509", "parDelegation": "false"}, {"acteurRef": "PA719550", "mandatRef": "PM796551", "parDelegation": "true"}, {"acteurRef": "PA719600", "mandatRef": "PM796629", "parDelegation": "false"}, {"acteurRef": "PA719756", "mandatRef": "PM796701", "parDelegation": "false"}, {"acteurRef": "PA719798", "mandatRef": "PM796638", "parDelegation": "false"}, {"acteurRef": "PA719814", "mandatRef": "PM796644", "parDelegation": "false"}, {"acteurRef": "PA719882", "mandatRef": "PM796677", "parDelegation": "false"}, {"acteurRef": "PA719890", "mandatRef": "PM796680", "parDelegation": "false"}, {"acteurRef": "PA719922", "mandatRef": "PM796767", "parDelegation": "false"}, {"acteurRef": "PA720014", "mandatRef": "PM796863", "parDelegation": "true"}, {"acteurRef": "PA720022", "mandatRef": "PM796866", "parDelegation": "false"}, {"acteurRef": "PA720054", "mandatRef": "PM796752", "parDelegation": "false"}, {"acteurRef": "PA720066", "mandatRef": "PM796842", "parDelegation": "false"}, {"acteurRef": "PA643175", "mandatRef": "PM796794", "parDelegation": "false"}, {"acteurRef": "PA720146", "mandatRef": "PM796803", "parDelegation": "false"}, {"acteurRef": "PA720154", "mandatRef": "PM796806", "parDelegation": "false"}, {"acteurRef": "PA720222", "mandatRef": "PM796830", "parDelegation": "true"}, {"acteurRef": "PA720342", "mandatRef": "PM796887", "parDelegation": "true"}, {"acteurRef": "PA720446", "mandatRef": "PM797031", "parDelegation": "false"}, {"acteurRef": "PA720480", "mandatRef": "PM796944", "parDelegation": "false"}, {"acteurRef": "PA720754", "mandatRef": "PM797121", "parDelegation": "false"}, {"acteurRef": "PA720932", "mandatRef": "PM797586", "parDelegation": "false"}, {"acteurRef": "PA721158", "mandatRef": "PM797460", "parDelegation": "true"}, {"acteurRef": "PA721426", "mandatRef": "PM797322", "parDelegation": "true"}, {"acteurRef": "PA721466", "mandatRef": "PM797268", "parDelegation": "false"}, {"acteurRef": "PA721584", "mandatRef": "PM797712", "parDelegation": "false"}, {"acteurRef": "PA721678", "mandatRef": "PM797634", "parDelegation": "false"}, {"acteurRef": "PA721710", "mandatRef": "PM797505", "parDelegation": "false"}, {"acteurRef": "PA721750", "mandatRef": "PM797715", "parDelegation": "false"}, {"acteurRef": "PA721844", "mandatRef": "PM797562", "parDelegation": "false"}, {"acteurRef": "PA721916", "mandatRef": "PM797595", "parDelegation": "true"}, {"acteurRef": "PA722046", "mandatRef": "PM797625", "parDelegation": "true"}, {"acteurRef": "PA722054", "mandatRef": "PM797598", "parDelegation": "false"}, {"acteurRef": "PA722102", "mandatRef": "PM797850", "parDelegation": "false"}, {"acteurRef": "PA722134", "mandatRef": "PM797658", "parDelegation": "true"}, {"acteurRef": "PA722150", "mandatRef": "PM797445", "parDelegation": "false"}, {"acteurRef": "PA722366", "mandatRef": "PM797193", "parDelegation": "false"}, {"acteurRef": "PA795920", "mandatRef": "PM797754", "parDelegation": "false"}, {"acteurRef": "PA793270", "mandatRef": "PM796239", "parDelegation": "false"}, {"acteurRef": "PA793588", "mandatRef": "PM796422", "parDelegation": "false"}, {"acteurRef": "PA793940", "mandatRef": "PM796614", "parDelegation": "false"}, {"acteurRef": "PA794206", "mandatRef": "PM796779", "parDelegation": "false"}, {"acteurRef": "PA794214", "mandatRef": "PM796782", "parDelegation": "false"}, {"acteurRef": "PA794330", "mandatRef": "PM796854", "parDelegation": "false"}, {"acteurRef": "PA794450", "mandatRef": "PM796938", "parDelegation": "true"}, {"acteurRef": "PA794486", "mandatRef": "PM796953", "parDelegation": "false"}, {"acteurRef": "PA794510", "mandatRef": "PM796965", "parDelegation": "false"}, {"acteurRef": "PA794658", "mandatRef": "PM797043", "parDelegation": "false"}, {"acteurRef": "PA794798", "mandatRef": "PM797124", "parDelegation": "true"}, {"acteurRef": "PA794878", "mandatRef": "PM797175", "parDelegation": "false"}, {"acteurRef": "PA794974", "mandatRef": "PM797223", "parDelegation": "false"}, {"acteurRef": "PA794982", "mandatRef": "PM797226", "parDelegation": "false"}, {"acteurRef": "PA795050", "mandatRef": "PM797274", "parDelegation": "true"}, {"acteurRef": "PA795144", "mandatRef": "PM797325", "parDelegation": "false"}, {"acteurRef": "PA721482", "mandatRef": "PM797514", "parDelegation": "false"}, {"acteurRef": "PA795508", "mandatRef": "PM797526", "parDelegation": "false"}, {"acteurRef": "PA795528", "mandatRef": "PM797535", "parDelegation": "false"}, {"acteurRef": "PA795652", "mandatRef": "PM797607", "parDelegation": "false"}, {"acteurRef": "PA795722", "mandatRef": "PM797649", "parDelegation": "false"}, {"acteurRef": "PA795730", "mandatRef": "PM797652", "parDelegation": "false"}, {"acteurRef": "PA795864", "mandatRef": "PM797721", "parDelegation": "false"}, {"acteurRef": "PA795884", "mandatRef": "PM797733", "parDelegation": "false"}, {"acteurRef": "PA795926", "mandatRef": "PM797757", "parDelegation": "false"}, {"acteurRef": "PA795950", "mandatRef": "PM797775", "parDelegation": "false"}, {"acteurRef": "PA795958", "mandatRef": "PM797778", "parDelegation": "false"}, {"acteurRef": "PA642695", "mandatRef": "PM796389", "parDelegation": "false"}, {"acteurRef": "PA721632", "mandatRef": "PM802647", "parDelegation": "false"}, {"acteurRef": "PA795046", "mandatRef": "PM802641", "parDelegation": "false"}, {"acteurRef": "PA795934", "mandatRef": "PM802645", "parDelegation": "false"}, {"acteurRef": "PA795068", "mandatRef": "PM802649", "parDelegation": "false"}, {"acteurRef": "PA721828", "mandatRef": "PM802651", "parDelegation": "false"}, {"acteurRef": "PA795326", "mandatRef": "PM803272", "parDelegation": "false"}, {"acteurRef": "PA794846", "mandatRef": "PM803276", "parDelegation": "false"}, {"acteurRef": "PA793528", "mandatRef": "PM803284", "parDelegation": "false"}, {"acteurRef": "PA719672", "mandatRef": "PM803288", "parDelegation": "false"}]}, "abstentions": null}}}, {"organeRef": "PO800520", "nombreMembresGroupe": "89", "vote": {"positionMajoritaire": "pour", "decompteVoix": {"nonVotants": "0", "pour": "50", "contre": "0", "abstentions": "0", "nonVotantsVolontaires": "0"}, "decompteNominatif": {"nonVotants": null, "pours": {"votant": [{"acteurRef": "PA794418", "mandatRef": "PM796914", "parDelegation": "true"}, {"acteurRef": "PA795552", "mandatRef": "PM797547", "parDelegation": "true"}, {"acteurRef": "PA793432", "mandatRef": "PM796323", "parDelegation": "false"}, {"acteurRef": "PA795778", "mandatRef": "PM797682", "parDelegation": "false"}, {"acteurRef": "PA794590", "mandatRef": "PM797007", "parDelegation": "true"}, {"acteurRef": "PA793134", "mandatRef": "PM796167", "parDelegation": "false"}, {"acteurRef": "PA793146", "mandatRef": "PM796173", "parDelegation": "false"}, {"acteurRef": "PA793158", "mandatRef": "PM796182", "parDelegation": "false"}, {"acteurRef": "PA793166", "mandatRef": "PM796185", "parDelegation": "false"}, {"acteurRef": "PA793182", "mandatRef": "PM796191", "parDelegation": "false"}, {"acteurRef": "PA793218", "mandatRef": "PM796215", "parDelegation": "false"}, {"acteurRef": "PA793230", "mandatRef": "PM796221", "parDelegation": "false"}, {"acteurRef": "PA793238", "mandatRef": "PM796224", "parDelegation": "false"}, {"acteurRef": "PA793246", "mandatRef": "PM796227", "parDelegation": "false"}, {"acteurRef": "PA793254", "mandatRef": "PM796230", "parDelegation": "false"}, {"acteurRef": "PA793354", "mandatRef": "PM796281", "parDelegation": "false"}, {"acteurRef": "PA793548", "mandatRef": "PM796398", "parDelegation": "false"}, {"acteurRef": "PA793616", "mandatRef": "PM796437", "parDelegation": "false"}, {"acteurRef": "PA793632", "mandatRef": "PM796443", "parDelegation": "false"}, {"acteurRef": "PA793656", "mandatRef": "PM796464", "parDelegation": "false"}, {"acteurRef": "PA793672", "mandatRef": "PM796473", "parDelegation": "false"}, {"acteurRef": "PA793904", "mandatRef": "PM796596", "parDelegation": "false"}, {"acteurRef": "PA793928", "mandatRef": "PM796608", "parDelegation": "false"}, {"acteurRef": "PA794030", "mandatRef": "PM796665", "parDelegation": "false"}, {"acteurRef": "PA794198", "mandatRef": "PM796776", "parDelegation": "true"}, {"acteurRef": "PA794222", "mandatRef": "PM796785", "parDelegation": "true"}, {"acteurRef": "PA794286", "mandatRef": "PM796827", "parDelegation": "false"}, {"acteurRef": "PA794434", "mandatRef": "PM796920", "parDelegation": "false"}, {"acteurRef": "PA794502", "mandatRef": "PM796962", "parDelegation": "false"}, {"acteurRef": "PA794530", "mandatRef": "PM796974", "parDelegation": "false"}, {"acteurRef": "PA794538", "mandatRef": "PM796977", "parDelegation": "false"}, {"acteurRef": "PA794562", "mandatRef": "PM796995", "parDelegation": "false"}, {"acteurRef": "PA794570", "mandatRef": "PM796998", "parDelegation": "false"}, {"acteurRef": "PA794582", "mandatRef": "PM797004", "parDelegation": "true"}, {"acteurRef": "PA794598", "mandatRef": "PM797010", "parDelegation": "true"}, {"acteurRef": "PA794638", "mandatRef": "PM797034", "parDelegation": "false"}, {"acteurRef": "PA794678", "mandatRef": "PM797052", "parDelegation": "false"}, {"acteurRef": "PA794762", "mandatRef": "PM797109", "parDelegation": "false"}, {"acteurRef": "PA794894", "mandatRef": "PM797181", "parDelegation": "false"}, {"acteurRef": "PA795410", "mandatRef": "PM797472", "parDelegation": "false"}, {"acteurRef": "PA795540", "mandatRef": "PM797541", "parDelegation": "false"}, {"acteurRef": "PA795644", "mandatRef": "PM797604", "parDelegation": "false"}, {"acteurRef": "PA795900", "mandatRef": "PM797745", "parDelegation": "true"}, {"acteurRef": "PA795974", "mandatRef": "PM797784", "parDelegation": "false"}, {"acteurRef": "PA796034", "mandatRef": "PM797817", "parDelegation": "false"}, {"acteurRef": "PA796042", "mandatRef": "PM797820", "parDelegation": "false"}, {"acteurRef": "PA796050", "mandatRef": "PM797823", "parDelegation": "false"}, {"acteurRef": "PA796118", "mandatRef": "PM797859", "parDelegation": "false"}, {"acteurRef": "PA721932", "mandatRef": "PM797361", "parDelegation": "false"}, {"acteurRef": "PA719436", "mandatRef": "PM796560", "parDelegation": "false"}]}, "contres": null, "abstentions": null}}}, {"organeRef": "PO800490", "nombreMembresGroupe": "75", "vote": {"positionMajoritaire": "abstention", "decompteVoix": {"nonVotants": "1", "pour": "0", "contre": "0", "abstentions": "14", "nonVotantsVolontaires": "14"}, "decompteNominatif": {"nonVotants": {"votant": {"acteurRef": "PA720286", "mandatRef": "PM796878", "causePositionVote": "PSE"}}, "pours": null, "contres": null, "abstentions": {"votant": [{"acteurRef": "PA719578", "mandatRef": "PM796620", "parDelegation": "false"}, {"acteurRef": "PA794478", "mandatRef": "PM796950", "parDelegation": "false"}, {"acteurRef": "PA793680", "mandatRef": "PM796476", "parDelegation": "false"}, {"acteurRef": "PA793688", "mandatRef": "PM796479", "parDelegation": "false"}, {"acteurRef": "PA793724", "mandatRef": "PM796497", "parDelegation": "false"}, {"acteurRef": "PA793744", "mandatRef": "PM796506", "parDelegation": "false"}, {"acteurRef": "PA794686", "mandatRef": "PM797061", "parDelegation": "false"}, {"acteurRef": "PA794786", "mandatRef": "PM797118", "parDelegation": "true"}, {"acteurRef": "PA795200", "mandatRef": "PM797352", "parDelegation": "false"}, {"acteurRef": "PA795438", "mandatRef": "PM797484", "parDelegation": "false"}, {"acteurRef": "PA795466", "mandatRef": "PM797499", "parDelegation": "true"}, {"acteurRef": "PA795516", "mandatRef": "PM797529", "parDelegation": "false"}, {"acteurRef": "PA795580", "mandatRef": "PM797574", "parDelegation": "false"}, {"acteurRef": "PA796018", "mandatRef": "PM797805", "parDelegation": "false"}]}}}}, {"organeRef": "PO800508", "nombreMembresGroupe": "62", "vote": {"positionMajoritaire": "abstention", "decompteVoix": {"nonVotants": "0", "pour": "1", "contre": "0", "abstentions": "2", "nonVotantsVolontaires": "2"}, "decompteNominatif": {"nonVotants": null, "pours": {"votant": {"acteurRef": "PA793476", "mandatRef": "PM796344", "parDelegation": "false"}}, "contres": null, "abstentions": {"votant": [{"acteurRef": "PA267429", "mandatRef": "PM796722", "parDelegation": "false"}, {"acteurRef": "PA712015", "mandatRef": "PM796176", "parDelegation": "false"}]}}}}, {"organeRef": "PO800484", "nombreMembresGroupe": "51", "vote": {"positionMajoritaire": "contre", "decompteVoix": {"nonVotants": "0", "pour": "0", "contre": "30", "abstentions": "0", "nonVotantsVolontaires": "0"}, "decompteNominatif": {"nonVotants": null, "pours": null, "contres": {"votant": [{"acteurRef": "PA794114", "mandatRef": "PM796719", "parDelegation": "false"}, {"acteurRef": "PA331582", "mandatRef": "PM796455", "parDelegation": "false"}, {"acteurRef": "PA605694", "mandatRef": "PM796401", "parDelegation": "false"}, {"acteurRef": "PA795604", "mandatRef": "PM797583", "parDelegation": "false"}, {"acteurRef": "PA718978", "mandatRef": "PM796320", "parDelegation": "false"}, {"acteurRef": "PA719024", "mandatRef": "PM796305", "parDelegation": "false"}, {"acteurRef": "PA719640", "mandatRef": "PM796575", "parDelegation": "false"}, {"acteurRef": "PA719822", "mandatRef": "PM796647", "parDelegation": "true"}, {"acteurRef": "PA719874", "mandatRef": "PM796674", "parDelegation": "true"}, {"acteurRef": "PA720038", "mandatRef": "PM796746", "parDelegation": "false"}, {"acteurRef": "PA720334", "mandatRef": "PM796884", "parDelegation": "false"}, {"acteurRef": "PA720560", "mandatRef": "PM797016", "parDelegation": "false"}, {"acteurRef": "PA720728", "mandatRef": "PM797157", "parDelegation": "false"}, {"acteurRef": "PA720764", "mandatRef": "PM797166", "parDelegation": "false"}, {"acteurRef": "PA721182", "mandatRef": "PM797736", "parDelegation": "true"}, {"acteurRef": "PA721234", "mandatRef": "PM797451", "parDelegation": "false"}, {"acteurRef": "PA721530", "mandatRef": "PM797433", "parDelegation": "false"}, {"acteurRef": "PA722162", "mandatRef": "PM797475", "parDelegation": "false"}, {"acteurRef": "PA722284", "mandatRef": "PM797238", "parDelegation": "false"}, {"acteurRef": "PA793520", "mandatRef": "PM796377", "parDelegation": "false"}, {"acteurRef": "PA793716", "mandatRef": "PM796491", "parDelegation": "false"}, {"acteurRef": "PA794702", "mandatRef": "PM797070", "parDelegation": "true"}, {"acteurRef": "PA794810", "mandatRef": "PM797130", "parDelegation": "false"}, {"acteurRef": "PA795100", "mandatRef": "PM797301", "parDelegation": "false"}, {"acteurRef": "PA795258", "mandatRef": "PM797385", "parDelegation": "false"}, {"acteurRef": "PA795374", "mandatRef": "PM797448", "parDelegation": "false"}, {"acteurRef": "PA719918", "mandatRef": "PM803282", "parDelegation": "true"}, {"acteurRef": "PA720006", "mandatRef": "PM803286", "parDelegation": "false"}, {"acteurRef": "PA721760", "mandatRef": "PM797295", "parDelegation": "false"}, {"acteurRef": "PA794194", "mandatRef": "PM802639", "parDelegation": "false"}]}, "abstentions": null}}}, {"organeRef": "PO800496", "nombreMembresGroupe": "31", "vote": {"positionMajoritaire": "contre", "decompteVoix": {"nonVotants": "0", "pour": "0", "contre": "1", "abstentions": "0", "nonVotantsVolontaires": "0"}, "decompteNominatif": {"nonVotants": null, "pours": null, "contres": {"votant": {"acteurRef": "PA1008", "mandatRef": "PM796623", "parDelegation": "false"}}, "abstentions": null}}}, {"organeRef": "PO800514", "nombreMembresGroupe": "30", "vote": {"positionMajoritaire": "contre", "decompteVoix": {"nonVotants": "0", "pour": "0", "contre": "17", "abstentions": "0", "nonVotantsVolontaires": "0"}, "decompteNominatif": {"nonVotants": null, "pours": null, "contres": {"votant": [{"acteurRef": "PA795270", "mandatRef": "PM797394", "parDelegation": "false"}, {"acteurRef": "PA605782", "mandatRef": "PM796350", "parDelegation": "false"}, {"acteurRef": "PA720230", "mandatRef": "PM796833", "parDelegation": "false"}, {"acteurRef": "PA719072", "mandatRef": "PM796392", "parDelegation": "false"}, {"acteurRef": "PA719778", "mandatRef": "PM796713", "parDelegation": "false"}, {"acteurRef": "PA720552", "mandatRef": "PM797013", "parDelegation": "false"}, {"acteurRef": "PA722336", "mandatRef": "PM797139", "parDelegation": "true"}, {"acteurRef": "PA793306", "mandatRef": "PM796254", "parDelegation": "false"}, {"acteurRef": "PA793992", "mandatRef": "PM796641", "parDelegation": "false"}, {"acteurRef": "PA794426", "mandatRef": "PM796917", "parDelegation": "false"}, {"acteurRef": "PA794470", "mandatRef": "PM796947", "parDelegation": "false"}, {"acteurRef": "PA794818", "mandatRef": "PM797136", "parDelegation": "true"}, {"acteurRef": "PA795026", "mandatRef": "PM797259", "parDelegation": "false"}, {"acteurRef": "PA795278", "mandatRef": "PM797397", "parDelegation": "false"}, {"acteurRef": "PA795350", "mandatRef": "PM797436", "parDelegation": "false"}, {"acteurRef": "PA719382", "mandatRef": "PM796452", "parDelegation": "false"}, {"acteurRef": "PA795266", "mandatRef": "PM803280", "parDelegation": "false"}]}, "abstentions": null}}}, {"organeRef": "PO800526", "nombreMembresGroupe": "23", "vote": {"positionMajoritaire": "contre", "decompteVoix": {"nonVotants": "0", "pour": "0", "contre": "3", "abstentions": "0", "nonVotantsVolontaires": "0"}, "decompteNominatif": {"nonVotants": null, "pours": null, "contres": {"votant": [{"acteurRef": "PA610002", "mandatRef": "PM797286", "parDelegation": "false"}, {"acteurRef": "PA795362", "mandatRef": "PM797442", "parDelegation": "false"}, {"acteurRef": "PA795794", "mandatRef": "PM797688", "parDelegation": "false"}]}, "abstentions": null}}}, {"organeRef": "PO800502", "nombreMembresGroupe": "22", "vote": {"positionMajoritaire": "pour", "decompteVoix": {"nonVotants": "0", "pour": "0", "contre": "0", "abstentions": "0", "nonVotantsVolontaires": "0"}, "decompteNominatif": {"nonVotants": null, "pours": null, "contres": null, "abstentions": null}}}, {"organeRef": "PO800532", "nombreMembresGroupe": "20", "vote": {"positionMajoritaire": "contre", "decompteVoix": {"nonVotants": "0", "pour": "0", "contre": "4", "abstentions": "0", "nonVotantsVolontaires": "0"}, "decompteNominatif": {"nonVotants": null, "pours": null, "contres": {"votant": [{"acteurRef": "PA333421", "mandatRef": "PM796881", "parDelegation": "false"}, {"acteurRef": "PA719146", "mandatRef": "PM796359", "parDelegation": "false"}, {"acteurRef": "PA719286", "mandatRef": "PM796353", "parDelegation": "false"}, {"acteurRef": "PA794626", "mandatRef": "PM797028", "parDelegation": "false"}]}, "abstentions": null}}}, {"organeRef": "PO793087", "nombreMembresGroupe": "4", "vote": {"positionMajoritaire": "pour", "decompteVoix": {"nonVotants": "0", "pour": "1", "contre": "0", "abstentions": "0", "nonVotantsVolontaires": "0"}, "decompteNominatif": {"nonVotants": null, "pours": {"votant": {"acteurRef": "PA719608", "mandatRef": "PM796593", "parDelegation": "false"}}, "contres": null, "abstentions": null}}}]}}}, "miseAuPoint": null}}