{"scrutin": {"@xmlns": "http://schemas.assemblee-nationale.fr/referentiel", "@xmlns:xsi": "http://www.w3.org/2001/XMLSchema-instance", "uid": "VTANR5L16V334", "numero": "334", "organeRef": "PO791932", "legislature": "16", "sessionRef": "SCR5A2023O1", "seanceRef": "RUANR5L16S2023IDS26399", "dateScrutin": "2022-10-17", "quantiemeJourSeance": "2", "typeVote": {"codeTypeVote": "SPO", "libelleTypeVote": "scrutin public ordinaire", "typeMajorite": "majorit\u00e9 absolue des suffrages exprim\u00e9s"}, "sort": {"code": "rejet\u00e9", "libelle": "L'Assembl\u00e9e nationale n'a pas adopt\u00e9"}, "titre": "l'amendement n\u00b0 1450 de M. Naegelen apr\u00e8s l'article 3 du projet de loi de finances pour 2023 (premi\u00e8re lecture).", "demandeur": {"texte": "Pr\u00e9sidente du groupe \"Rassemblement National\"", "referenceLegislative": null}, "objet": {"libelle": "l'amendement n\u00b0 1450 de M. Naegelen apr\u00e8s l'article 3 du projet de loi de finances pour 2023 (premi\u00e8re lecture).", "referenceLegislative": null}, "modePublicationDesVotes": "DecompteNominatif", "syntheseVote": {"nombreVotants": "306", "suffragesExprimes": "262", "nbrSuffragesRequis": "132", "annonce": "L'Assembl\u00e9e nationale n'a pas adopt\u00e9", "decompte": {"nonVotants": "1", "pour": "85", "contre": "177", "abstentions": "44", "nonVotantsVolontaires": "0"}}, "ventilationVotes": {"organe": {"organeRef": "PO791932", "groupes": {"groupe": [{"organeRef": "PO800538", "nombreMembresGroupe": "170", "vote": {"positionMajoritaire": "contre", "decompteVoix": {"nonVotants": "0", "pour": "0", "contre": "96", "abstentions": "0", "nonVotantsVolontaires": "0"}, "decompteNominatif": {"nonVotants": null, "pours": null, "contres": {"votant": [{"acteurRef": "PA345722", "mandatRef": "PM797718", "parDelegation": "false"}, {"acteurRef": "PA643184", "mandatRef": "PM797142", "parDelegation": "true"}, {"acteurRef": "PA722398", "mandatRef": "PM797217", "parDelegation": "false"}, {"acteurRef": "PA340643", "mandatRef": "PM796335", "parDelegation": "false"}, {"acteurRef": "PA2449", "mandatRef": "PM797046", "parDelegation": "false"}, {"acteurRef": "PA793194", "mandatRef": "PM796200", "parDelegation": "false"}, {"acteurRef": "PA331835", "mandatRef": "PM796518", "parDelegation": "false"}, {"acteurRef": "PA721722", "mandatRef": "PM797502", "parDelegation": "false"}, {"acteurRef": "PA795386", "mandatRef": "PM797454", "parDelegation": "false"}, {"acteurRef": "PA794802", "mandatRef": "PM797127", "parDelegation": "false"}, {"acteurRef": "PA605963", "mandatRef": "PM796494", "parDelegation": "false"}, {"acteurRef": "PA606507", "mandatRef": "PM796605", "parDelegation": "false"}, {"acteurRef": "PA607395", "mandatRef": "PM796818", "parDelegation": "false"}, {"acteurRef": "PA721852", "mandatRef": "PM797565", "parDelegation": "false"}, {"acteurRef": "PA717379", "mandatRef": "PM797265", "parDelegation": "false"}, {"acteurRef": "PA718710", "mandatRef": "PM796149", "parDelegation": "false"}, {"acteurRef": "PA718930", "mandatRef": "PM796287", "parDelegation": "false"}, {"acteurRef": "PA718962", "mandatRef": "PM796278", "parDelegation": "false"}, {"acteurRef": "PA719032", "mandatRef": "PM796308", "parDelegation": "false"}, {"acteurRef": "PA719080", "mandatRef": "PM796395", "parDelegation": "false"}, {"acteurRef": "PA719100", "mandatRef": "PM796407", "parDelegation": "false"}, {"acteurRef": "PA719154", "mandatRef": "PM796362", "parDelegation": "false"}, {"acteurRef": "PA719186", "mandatRef": "PM796368", "parDelegation": "false"}, {"acteurRef": "PA719294", "mandatRef": "PM796431", "parDelegation": "true"}, {"acteurRef": "PA719372", "mandatRef": "PM796446", "parDelegation": "false"}, {"acteurRef": "PA719388", "mandatRef": "PM796458", "parDelegation": "false"}, {"acteurRef": "PA719412", "mandatRef": "PM796542", "parDelegation": "false"}, {"acteurRef": "PA719472", "mandatRef": "PM796533", "parDelegation": "false"}, {"acteurRef": "PA719632", "mandatRef": "PM796572", "parDelegation": "false"}, {"acteurRef": "PA719718", "mandatRef": "PM796692", "parDelegation": "false"}, {"acteurRef": "PA719798", "mandatRef": "PM796638", "parDelegation": "false"}, {"acteurRef": "PA719882", "mandatRef": "PM796677", "parDelegation": "true"}, {"acteurRef": "PA719890", "mandatRef": "PM796680", "parDelegation": "false"}, {"acteurRef": "PA719922", "mandatRef": "PM796767", "parDelegation": "false"}, {"acteurRef": "PA720022", "mandatRef": "PM796866", "parDelegation": "false"}, {"acteurRef": "PA720066", "mandatRef": "PM796842", "parDelegation": "false"}, {"acteurRef": "PA643175", "mandatRef": "PM796794", "parDelegation": "false"}, {"acteurRef": "PA720146", "mandatRef": "PM796803", "parDelegation": "false"}, {"acteurRef": "PA720154", "mandatRef": "PM796806", "parDelegation": "false"}, {"acteurRef": "PA720222", "mandatRef": "PM796830", "parDelegation": "false"}, {"acteurRef": "PA720362", "mandatRef": "PM796899", "parDelegation": "false"}, {"acteurRef": "PA720414", "mandatRef": "PM797019", "parDelegation": "true"}, {"acteurRef": "PA720754", "mandatRef": "PM797121", "parDelegation": "false"}, {"acteurRef": "PA720862", "mandatRef": "PM797412", "parDelegation": "false"}, {"acteurRef": "PA720900", "mandatRef": "PM797553", "parDelegation": "false"}, {"acteurRef": "PA720932", "mandatRef": "PM797586", "parDelegation": "false"}, {"acteurRef": "PA721024", "mandatRef": "PM797592", "parDelegation": "true"}, {"acteurRef": "PA721094", "mandatRef": "PM797340", "parDelegation": "false"}, {"acteurRef": "PA721158", "mandatRef": "PM797460", "parDelegation": "false"}, {"acteurRef": "PA721426", "mandatRef": "PM797322", "parDelegation": "false"}, {"acteurRef": "PA721458", "mandatRef": "PM797262", "parDelegation": "false"}, {"acteurRef": "PA721466", "mandatRef": "PM797268", "parDelegation": "false"}, {"acteurRef": "PA721584", "mandatRef": "PM797712", "parDelegation": "false"}, {"acteurRef": "PA721678", "mandatRef": "PM797634", "parDelegation": "false"}, {"acteurRef": "PA721710", "mandatRef": "PM797505", "parDelegation": "false"}, {"acteurRef": "PA721844", "mandatRef": "PM797562", "parDelegation": "true"}, {"acteurRef": "PA721916", "mandatRef": "PM797595", "parDelegation": "false"}, {"acteurRef": "PA722000", "mandatRef": "PM797400", "parDelegation": "false"}, {"acteurRef": "PA722038", "mandatRef": "PM797847", "parDelegation": "false"}, {"acteurRef": "PA722046", "mandatRef": "PM797625", "parDelegation": "false"}, {"acteurRef": "PA722134", "mandatRef": "PM797658", "parDelegation": "false"}, {"acteurRef": "PA722150", "mandatRef": "PM797445", "parDelegation": "false"}, {"acteurRef": "PA722292", "mandatRef": "PM797241", "parDelegation": "false"}, {"acteurRef": "PA722366", "mandatRef": "PM797193", "parDelegation": "false"}, {"acteurRef": "PA795920", "mandatRef": "PM797754", "parDelegation": "false"}, {"acteurRef": "PA793278", "mandatRef": "PM796242", "parDelegation": "false"}, {"acteurRef": "PA793876", "mandatRef": "PM796584", "parDelegation": "false"}, {"acteurRef": "PA793940", "mandatRef": "PM796614", "parDelegation": "false"}, {"acteurRef": "PA794206", "mandatRef": "PM796779", "parDelegation": "false"}, {"acteurRef": "PA794450", "mandatRef": "PM796938", "parDelegation": "false"}, {"acteurRef": "PA794486", "mandatRef": "PM796953", "parDelegation": "false"}, {"acteurRef": "PA794510", "mandatRef": "PM796965", "parDelegation": "false"}, {"acteurRef": "PA794878", "mandatRef": "PM797175", "parDelegation": "false"}, {"acteurRef": "PA794974", "mandatRef": "PM797223", "parDelegation": "false"}, {"acteurRef": "PA795050", "mandatRef": "PM797274", "parDelegation": "false"}, {"acteurRef": "PA795216", "mandatRef": "PM797364", "parDelegation": "true"}, {"acteurRef": "PA721482", "mandatRef": "PM797514", "parDelegation": "false"}, {"acteurRef": "PA795508", "mandatRef": "PM797526", "parDelegation": "false"}, {"acteurRef": "PA795528", "mandatRef": "PM797535", "parDelegation": "false"}, {"acteurRef": "PA795652", "mandatRef": "PM797607", "parDelegation": "false"}, {"acteurRef": "PA795664", "mandatRef": "PM797613", "parDelegation": "false"}, {"acteurRef": "PA795864", "mandatRef": "PM797721", "parDelegation": "false"}, {"acteurRef": "PA795884", "mandatRef": "PM797733", "parDelegation": "false"}, {"acteurRef": "PA795950", "mandatRef": "PM797775", "parDelegation": "false"}, {"acteurRef": "PA795958", "mandatRef": "PM797778", "parDelegation": "false"}, {"acteurRef": "PA719910", "mandatRef": "PM796728", "parDelegation": "false"}, {"acteurRef": "PA719664", "mandatRef": "PM796611", "parDelegation": "false"}, {"acteurRef": "PA793416", "mandatRef": "PM802635", "parDelegation": "false"}, {"acteurRef": "PA793190", "mandatRef": "PM802633", "parDelegation": "false"}, {"acteurRef": "PA795046", "mandatRef": "PM802641", "parDelegation": "false"}, {"acteurRef": "PA795934", "mandatRef": "PM802645", "parDelegation": "false"}, {"acteurRef": "PA795068", "mandatRef": "PM802649", "parDelegation": "false"}, {"acteurRef": "PA721828", "mandatRef": "PM802651", "parDelegation": "false"}, {"acteurRef": "PA795326", "mandatRef": "PM803272", "parDelegation": "true"}, {"acteurRef": "PA794846", "mandatRef": "PM803276", "parDelegation": "false"}, {"acteurRef": "PA720174", "mandatRef": "PM803278", "parDelegation": "false"}]}, "abstentions": null}}}, {"organeRef": "PO800520", "nombreMembresGroupe": "89", "vote": {"positionMajoritaire": "pour", "decompteVoix": {"nonVotants": "0", "pour": "62", "contre": "1", "abstentions": "0", "nonVotantsVolontaires": "0"}, "decompteNominatif": {"nonVotants": null, "pours": {"votant": [{"acteurRef": "PA794418", "mandatRef": "PM796914", "parDelegation": "false"}, {"acteurRef": "PA720468", "mandatRef": "PM796983", "parDelegation": "false"}, {"acteurRef": "PA793382", "mandatRef": "PM796293", "parDelegation": "false"}, {"acteurRef": "PA795552", "mandatRef": "PM797547", "parDelegation": "true"}, {"acteurRef": "PA793432", "mandatRef": "PM796323", "parDelegation": "false"}, {"acteurRef": "PA795778", "mandatRef": "PM797682", "parDelegation": "false"}, {"acteurRef": "PA794670", "mandatRef": "PM797049", "parDelegation": "false"}, {"acteurRef": "PA794590", "mandatRef": "PM797007", "parDelegation": "false"}, {"acteurRef": "PA793102", "mandatRef": "PM796143", "parDelegation": "false"}, {"acteurRef": "PA793134", "mandatRef": "PM796167", "parDelegation": "false"}, {"acteurRef": "PA793146", "mandatRef": "PM796173", "parDelegation": "false"}, {"acteurRef": "PA793158", "mandatRef": "PM796182", "parDelegation": "false"}, {"acteurRef": "PA793166", "mandatRef": "PM796185", "parDelegation": "false"}, {"acteurRef": "PA793182", "mandatRef": "PM796191", "parDelegation": "false"}, {"acteurRef": "PA793230", "mandatRef": "PM796221", "parDelegation": "false"}, {"acteurRef": "PA793238", "mandatRef": "PM796224", "parDelegation": "false"}, {"acteurRef": "PA793254", "mandatRef": "PM796230", "parDelegation": "false"}, {"acteurRef": "PA793298", "mandatRef": "PM796251", "parDelegation": "false"}, {"acteurRef": "PA793330", "mandatRef": "PM796263", "parDelegation": "false"}, {"acteurRef": "PA793548", "mandatRef": "PM796398", "parDelegation": "false"}, {"acteurRef": "PA793592", "mandatRef": "PM796425", "parDelegation": "false"}, {"acteurRef": "PA793616", "mandatRef": "PM796437", "parDelegation": "false"}, {"acteurRef": "PA793632", "mandatRef": "PM796443", "parDelegation": "false"}, {"acteurRef": "PA793696", "mandatRef": "PM796482", "parDelegation": "false"}, {"acteurRef": "PA793844", "mandatRef": "PM796563", "parDelegation": "false"}, {"acteurRef": "PA793852", "mandatRef": "PM796566", "parDelegation": "false"}, {"acteurRef": "PA793892", "mandatRef": "PM796590", "parDelegation": "false"}, {"acteurRef": "PA793904", "mandatRef": "PM796596", "parDelegation": "false"}, {"acteurRef": "PA794030", "mandatRef": "PM796665", "parDelegation": "false"}, {"acteurRef": "PA794222", "mandatRef": "PM796785", "parDelegation": "false"}, {"acteurRef": "PA794286", "mandatRef": "PM796827", "parDelegation": "false"}, {"acteurRef": "PA794314", "mandatRef": "PM796848", "parDelegation": "false"}, {"acteurRef": "PA794322", "mandatRef": "PM796851", "parDelegation": "false"}, {"acteurRef": "PA794354", "mandatRef": "PM796869", "parDelegation": "false"}, {"acteurRef": "PA794434", "mandatRef": "PM796920", "parDelegation": "false"}, {"acteurRef": "PA794442", "mandatRef": "PM796923", "parDelegation": "false"}, {"acteurRef": "PA794502", "mandatRef": "PM796962", "parDelegation": "false"}, {"acteurRef": "PA794530", "mandatRef": "PM796974", "parDelegation": "false"}, {"acteurRef": "PA794538", "mandatRef": "PM796977", "parDelegation": "false"}, {"acteurRef": "PA794562", "mandatRef": "PM796995", "parDelegation": "false"}, {"acteurRef": "PA794570", "mandatRef": "PM796998", "parDelegation": "false"}, {"acteurRef": "PA794582", "mandatRef": "PM797004", "parDelegation": "false"}, {"acteurRef": "PA794598", "mandatRef": "PM797010", "parDelegation": "false"}, {"acteurRef": "PA794638", "mandatRef": "PM797034", "parDelegation": "false"}, {"acteurRef": "PA794678", "mandatRef": "PM797052", "parDelegation": "false"}, {"acteurRef": "PA794718", "mandatRef": "PM797079", "parDelegation": "false"}, {"acteurRef": "PA794762", "mandatRef": "PM797109", "parDelegation": "false"}, {"acteurRef": "PA794770", "mandatRef": "PM797112", "parDelegation": "false"}, {"acteurRef": "PA794894", "mandatRef": "PM797181", "parDelegation": "false"}, {"acteurRef": "PA794954", "mandatRef": "PM797208", "parDelegation": "false"}, {"acteurRef": "PA795410", "mandatRef": "PM797472", "parDelegation": "false"}, {"acteurRef": "PA795540", "mandatRef": "PM797541", "parDelegation": "false"}, {"acteurRef": "PA795786", "mandatRef": "PM797685", "parDelegation": "false"}, {"acteurRef": "PA795836", "mandatRef": "PM797706", "parDelegation": "false"}, {"acteurRef": "PA795900", "mandatRef": "PM797745", "parDelegation": "false"}, {"acteurRef": "PA795966", "mandatRef": "PM797781", "parDelegation": "false"}, {"acteurRef": "PA795974", "mandatRef": "PM797784", "parDelegation": "false"}, {"acteurRef": "PA796034", "mandatRef": "PM797817", "parDelegation": "false"}, {"acteurRef": "PA796042", "mandatRef": "PM797820", "parDelegation": "false"}, {"acteurRef": "PA796118", "mandatRef": "PM797859", "parDelegation": "false"}, {"acteurRef": "PA719436", "mandatRef": "PM796560", "parDelegation": "false"}, {"acteurRef": "PA720668", "mandatRef": "PM797106", "parDelegation": "false"}]}, "contres": {"votant": {"acteurRef": "PA642988", "mandatRef": "PM797862", "parDelegation": "false"}}, "abstentions": null}}}, {"organeRef": "PO800490", "nombreMembresGroupe": "75", "vote": {"positionMajoritaire": "abstention", "decompteVoix": {"nonVotants": "0", "pour": "0", "contre": "2", "abstentions": "41", "nonVotantsVolontaires": "41"}, "decompteNominatif": {"nonVotants": null, "pours": null, "contres": {"votant": [{"acteurRef": "PA721210", "mandatRef": "PM797331", "parDelegation": "false"}, {"acteurRef": "PA794458", "mandatRef": "PM796941", "parDelegation": "false"}]}, "abstentions": {"votant": [{"acteurRef": "PA719578", "mandatRef": "PM796620", "parDelegation": "false"}, {"acteurRef": "PA720286", "mandatRef": "PM796878", "parDelegation": "false"}, {"acteurRef": "PA720422", "mandatRef": "PM797022", "parDelegation": "true"}, {"acteurRef": "PA720430", "mandatRef": "PM797025", "parDelegation": "false"}, {"acteurRef": "PA721202", "mandatRef": "PM797826", "parDelegation": "false"}, {"acteurRef": "PA794478", "mandatRef": "PM796950", "parDelegation": "false"}, {"acteurRef": "PA795982", "mandatRef": "PM797787", "parDelegation": "true"}, {"acteurRef": "PA795422", "mandatRef": "PM797478", "parDelegation": "false"}, {"acteurRef": "PA795672", "mandatRef": "PM797616", "parDelegation": "true"}, {"acteurRef": "PA791824", "mandatRef": "PM797808", "parDelegation": "false"}, {"acteurRef": "PA793110", "mandatRef": "PM796146", "parDelegation": "false"}, {"acteurRef": "PA793444", "mandatRef": "PM796329", "parDelegation": "false"}, {"acteurRef": "PA793452", "mandatRef": "PM796332", "parDelegation": "false"}, {"acteurRef": "PA793532", "mandatRef": "PM796386", "parDelegation": "false"}, {"acteurRef": "PA793680", "mandatRef": "PM796476", "parDelegation": "false"}, {"acteurRef": "PA793688", "mandatRef": "PM796479", "parDelegation": "false"}, {"acteurRef": "PA793724", "mandatRef": "PM796497", "parDelegation": "false"}, {"acteurRef": "PA793736", "mandatRef": "PM796503", "parDelegation": "false"}, {"acteurRef": "PA793744", "mandatRef": "PM796506", "parDelegation": "false"}, {"acteurRef": "PA793872", "mandatRef": "PM796581", "parDelegation": "false"}, {"acteurRef": "PA793884", "mandatRef": "PM796587", "parDelegation": "false"}, {"acteurRef": "PA793912", "mandatRef": "PM796599", "parDelegation": "false"}, {"acteurRef": "PA794082", "mandatRef": "PM796698", "parDelegation": "true"}, {"acteurRef": "PA794106", "mandatRef": "PM796716", "parDelegation": "false"}, {"acteurRef": "PA794138", "mandatRef": "PM796734", "parDelegation": "false"}, {"acteurRef": "PA794402", "mandatRef": "PM796905", "parDelegation": "false"}, {"acteurRef": "PA794686", "mandatRef": "PM797061", "parDelegation": "false"}, {"acteurRef": "PA794786", "mandatRef": "PM797118", "parDelegation": "false"}, {"acteurRef": "PA794870", "mandatRef": "PM797172", "parDelegation": "true"}, {"acteurRef": "PA794906", "mandatRef": "PM797187", "parDelegation": "false"}, {"acteurRef": "PA795084", "mandatRef": "PM797292", "parDelegation": "false"}, {"acteurRef": "PA795136", "mandatRef": "PM797319", "parDelegation": "false"}, {"acteurRef": "PA795318", "mandatRef": "PM797418", "parDelegation": "false"}, {"acteurRef": "PA795482", "mandatRef": "PM797508", "parDelegation": "false"}, {"acteurRef": "PA795588", "mandatRef": "PM797577", "parDelegation": "false"}, {"acteurRef": "PA795616", "mandatRef": "PM797589", "parDelegation": "false"}, {"acteurRef": "PA795692", "mandatRef": "PM797628", "parDelegation": "false"}, {"acteurRef": "PA795746", "mandatRef": "PM797661", "parDelegation": "false"}, {"acteurRef": "PA795844", "mandatRef": "PM797709", "parDelegation": "false"}, {"acteurRef": "PA796018", "mandatRef": "PM797805", "parDelegation": "false"}, {"acteurRef": "PA796062", "mandatRef": "PM797832", "parDelegation": "false"}]}}}}, {"organeRef": "PO800508", "nombreMembresGroupe": "62", "vote": {"positionMajoritaire": "pour", "decompteVoix": {"nonVotants": "0", "pour": "16", "contre": "2", "abstentions": "0", "nonVotantsVolontaires": "0"}, "decompteNominatif": {"nonVotants": null, "pours": {"votant": [{"acteurRef": "PA330240", "mandatRef": "PM796155", "parDelegation": "false"}, {"acteurRef": "PA267429", "mandatRef": "PM796722", "parDelegation": "false"}, {"acteurRef": "PA267794", "mandatRef": "PM796272", "parDelegation": "true"}, {"acteurRef": "PA718850", "mandatRef": "PM796203", "parDelegation": "false"}, {"acteurRef": "PA718838", "mandatRef": "PM796197", "parDelegation": "false"}, {"acteurRef": "PA605991", "mandatRef": "PM796428", "parDelegation": "false"}, {"acteurRef": "PA721410", "mandatRef": "PM797316", "parDelegation": "false"}, {"acteurRef": "PA607090", "mandatRef": "PM796761", "parDelegation": "false"}, {"acteurRef": "PA718884", "mandatRef": "PM796218", "parDelegation": "false"}, {"acteurRef": "PA720386", "mandatRef": "PM796908", "parDelegation": "false"}, {"acteurRef": "PA720630", "mandatRef": "PM797094", "parDelegation": "false"}, {"acteurRef": "PA793476", "mandatRef": "PM796344", "parDelegation": "false"}, {"acteurRef": "PA794178", "mandatRef": "PM796755", "parDelegation": "false"}, {"acteurRef": "PA794410", "mandatRef": "PM796911", "parDelegation": "false"}, {"acteurRef": "PA795406", "mandatRef": "PM797466", "parDelegation": "false"}, {"acteurRef": "PA330909", "mandatRef": "PM796314", "parDelegation": "false"}]}, "contres": {"votant": [{"acteurRef": "PA332523", "mandatRef": "PM796683", "parDelegation": "false"}, {"acteurRef": "PA608016", "mandatRef": "PM797100", "parDelegation": "false"}]}, "abstentions": null}}}, {"organeRef": "PO800484", "nombreMembresGroupe": "51", "vote": {"positionMajoritaire": "contre", "decompteVoix": {"nonVotants": "0", "pour": "0", "contre": "35", "abstentions": "0", "nonVotantsVolontaires": "0"}, "decompteNominatif": {"nonVotants": null, "pours": null, "contres": {"votant": [{"acteurRef": "PA331582", "mandatRef": "PM796455", "parDelegation": "false"}, {"acteurRef": "PA718978", "mandatRef": "PM796320", "parDelegation": "true"}, {"acteurRef": "PA719024", "mandatRef": "PM796305", "parDelegation": "false"}, {"acteurRef": "PA719266", "mandatRef": "PM796485", "parDelegation": "false"}, {"acteurRef": "PA719488", "mandatRef": "PM796500", "parDelegation": "false"}, {"acteurRef": "PA719640", "mandatRef": "PM796575", "parDelegation": "false"}, {"acteurRef": "PA719822", "mandatRef": "PM796647", "parDelegation": "true"}, {"acteurRef": "PA719874", "mandatRef": "PM796674", "parDelegation": "false"}, {"acteurRef": "PA720038", "mandatRef": "PM796746", "parDelegation": "false"}, {"acteurRef": "PA720162", "mandatRef": "PM796809", "parDelegation": "false"}, {"acteurRef": "PA720256", "mandatRef": "PM796929", "parDelegation": "false"}, {"acteurRef": "PA720334", "mandatRef": "PM796884", "parDelegation": "false"}, {"acteurRef": "PA720560", "mandatRef": "PM797016", "parDelegation": "false"}, {"acteurRef": "PA720720", "mandatRef": "PM797076", "parDelegation": "true"}, {"acteurRef": "PA720728", "mandatRef": "PM797157", "parDelegation": "false"}, {"acteurRef": "PA720764", "mandatRef": "PM797166", "parDelegation": "false"}, {"acteurRef": "PA720772", "mandatRef": "PM797169", "parDelegation": "false"}, {"acteurRef": "PA721182", "mandatRef": "PM797736", "parDelegation": "false"}, {"acteurRef": "PA721234", "mandatRef": "PM797451", "parDelegation": "false"}, {"acteurRef": "PA721530", "mandatRef": "PM797433", "parDelegation": "false"}, {"acteurRef": "PA721976", "mandatRef": "PM797622", "parDelegation": "false"}, {"acteurRef": "PA722162", "mandatRef": "PM797475", "parDelegation": "false"}, {"acteurRef": "PA722284", "mandatRef": "PM797238", "parDelegation": "false"}, {"acteurRef": "PA722374", "mandatRef": "PM797196", "parDelegation": "true"}, {"acteurRef": "PA793520", "mandatRef": "PM796377", "parDelegation": "false"}, {"acteurRef": "PA794810", "mandatRef": "PM797130", "parDelegation": "false"}, {"acteurRef": "PA795100", "mandatRef": "PM797301", "parDelegation": "false"}, {"acteurRef": "PA795120", "mandatRef": "PM797310", "parDelegation": "false"}, {"acteurRef": "PA795374", "mandatRef": "PM797448", "parDelegation": "false"}, {"acteurRef": "PA719918", "mandatRef": "PM803282", "parDelegation": "true"}, {"acteurRef": "PA720006", "mandatRef": "PM803286", "parDelegation": "false"}, {"acteurRef": "PA721760", "mandatRef": "PM797295", "parDelegation": "false"}, {"acteurRef": "PA794194", "mandatRef": "PM802639", "parDelegation": "false"}, {"acteurRef": "PA793860", "mandatRef": "PM803290", "parDelegation": "false"}, {"acteurRef": "PA793792", "mandatRef": "PM803292", "parDelegation": "false"}]}, "abstentions": null}}}, {"organeRef": "PO800496", "nombreMembresGroupe": "31", "vote": {"positionMajoritaire": "contre", "decompteVoix": {"nonVotants": "0", "pour": "2", "contre": "14", "abstentions": "0", "nonVotantsVolontaires": "0"}, "decompteNominatif": {"nonVotants": null, "pours": {"votant": [{"acteurRef": "PA1008", "mandatRef": "PM796623", "parDelegation": "false"}, {"acteurRef": "PA643143", "mandatRef": "PM797646", "parDelegation": "false"}]}, "contres": {"votant": [{"acteurRef": "PA342415", "mandatRef": "PM796659", "parDelegation": "false"}, {"acteurRef": "PA607553", "mandatRef": "PM796875", "parDelegation": "false"}, {"acteurRef": "PA608172", "mandatRef": "PM797064", "parDelegation": "false"}, {"acteurRef": "PA609590", "mandatRef": "PM797742", "parDelegation": "false"}, {"acteurRef": "PA793624", "mandatRef": "PM796440", "parDelegation": "false"}, {"acteurRef": "PA793394", "mandatRef": "PM796299", "parDelegation": "false"}, {"acteurRef": "PA719930", "mandatRef": "PM796770", "parDelegation": "false"}, {"acteurRef": "PA793816", "mandatRef": "PM796548", "parDelegation": "true"}, {"acteurRef": "PA794094", "mandatRef": "PM796710", "parDelegation": "false"}, {"acteurRef": "PA794854", "mandatRef": "PM797163", "parDelegation": "false"}, {"acteurRef": "PA795430", "mandatRef": "PM797481", "parDelegation": "false"}, {"acteurRef": "PA1567", "mandatRef": "PM797631", "parDelegation": "false"}, {"acteurRef": "PA342196", "mandatRef": "PM796695", "parDelegation": "false"}, {"acteurRef": "PA774960", "mandatRef": "PM797490", "parDelegation": "true"}]}, "abstentions": null}}}, {"organeRef": "PO800514", "nombreMembresGroupe": "30", "vote": {"positionMajoritaire": "contre", "decompteVoix": {"nonVotants": "1", "pour": "0", "contre": "15", "abstentions": "0", "nonVotantsVolontaires": "0"}, "decompteNominatif": {"nonVotants": {"votant": {"acteurRef": "PA720908", "mandatRef": "PM797556", "causePositionVote": "PSE"}}, "pours": null, "contres": {"votant": [{"acteurRef": "PA794278", "mandatRef": "PM796824", "parDelegation": "false"}, {"acteurRef": "PA719052", "mandatRef": "PM796341", "parDelegation": "false"}, {"acteurRef": "PA719072", "mandatRef": "PM796392", "parDelegation": "false"}, {"acteurRef": "PA793306", "mandatRef": "PM796254", "parDelegation": "false"}, {"acteurRef": "PA793398", "mandatRef": "PM796302", "parDelegation": "false"}, {"acteurRef": "PA793572", "mandatRef": "PM796413", "parDelegation": "false"}, {"acteurRef": "PA794234", "mandatRef": "PM796791", "parDelegation": "false"}, {"acteurRef": "PA794426", "mandatRef": "PM796917", "parDelegation": "false"}, {"acteurRef": "PA794470", "mandatRef": "PM796947", "parDelegation": "false"}, {"acteurRef": "PA794818", "mandatRef": "PM797136", "parDelegation": "false"}, {"acteurRef": "PA794838", "mandatRef": "PM797148", "parDelegation": "false"}, {"acteurRef": "PA795278", "mandatRef": "PM797397", "parDelegation": "false"}, {"acteurRef": "PA795350", "mandatRef": "PM797436", "parDelegation": "false"}, {"acteurRef": "PA719382", "mandatRef": "PM796452", "parDelegation": "false"}, {"acteurRef": "PA795266", "mandatRef": "PM803280", "parDelegation": "false"}]}, "abstentions": null}}}, {"organeRef": "PO800526", "nombreMembresGroupe": "23", "vote": {"positionMajoritaire": "contre", "decompteVoix": {"nonVotants": "0", "pour": "0", "contre": "10", "abstentions": "3", "nonVotantsVolontaires": "3"}, "decompteNominatif": {"nonVotants": null, "pours": null, "contres": {"votant": [{"acteurRef": "PA610002", "mandatRef": "PM797286", "parDelegation": "false"}, {"acteurRef": "PA722344", "mandatRef": "PM797244", "parDelegation": "false"}, {"acteurRef": "PA793664", "mandatRef": "PM796467", "parDelegation": "false"}, {"acteurRef": "PA794154", "mandatRef": "PM796743", "parDelegation": "false"}, {"acteurRef": "PA794778", "mandatRef": "PM797115", "parDelegation": "false"}, {"acteurRef": "PA795010", "mandatRef": "PM797247", "parDelegation": "false"}, {"acteurRef": "PA795076", "mandatRef": "PM797289", "parDelegation": "false"}, {"acteurRef": "PA795362", "mandatRef": "PM797442", "parDelegation": "false"}, {"acteurRef": "PA795636", "mandatRef": "PM797601", "parDelegation": "false"}, {"acteurRef": "PA795794", "mandatRef": "PM797688", "parDelegation": "false"}]}, "abstentions": {"votant": [{"acteurRef": "PA720952", "mandatRef": "PM797619", "parDelegation": "false"}, {"acteurRef": "PA793780", "mandatRef": "PM796527", "parDelegation": "false"}, {"acteurRef": "PA795454", "mandatRef": "PM797493", "parDelegation": "false"}]}}}}, {"organeRef": "PO800502", "nombreMembresGroupe": "22", "vote": {"positionMajoritaire": "contre", "decompteVoix": {"nonVotants": "0", "pour": "0", "contre": "2", "abstentions": "0", "nonVotantsVolontaires": "0"}, "decompteNominatif": {"nonVotants": null, "pours": null, "contres": {"votant": [{"acteurRef": "PA605745", "mandatRef": "PM796419", "parDelegation": "false"}, {"acteurRef": "PA774962", "mandatRef": "PM797766", "parDelegation": "false"}]}, "abstentions": null}}}, {"organeRef": "PO800532", "nombreMembresGroupe": "20", "vote": {"positionMajoritaire": "pour", "decompteVoix": {"nonVotants": "0", "pour": "4", "contre": "0", "abstentions": "0", "nonVotantsVolontaires": "0"}, "decompteNominatif": {"nonVotants": null, "pours": {"votant": [{"acteurRef": "PA942", "mandatRef": "PM796836", "parDelegation": "false"}, {"acteurRef": "PA719138", "mandatRef": "PM796356", "parDelegation": "false"}, {"acteurRef": "PA719146", "mandatRef": "PM796359", "parDelegation": "false"}, {"acteurRef": "PA795244", "mandatRef": "PM797379", "parDelegation": "false"}]}, "contres": null, "abstentions": null}}}, {"organeRef": "PO793087", "nombreMembresGroupe": "4", "vote": {"positionMajoritaire": "pour", "decompteVoix": {"nonVotants": "0", "pour": "1", "contre": "0", "abstentions": "0", "nonVotantsVolontaires": "0"}, "decompteNominatif": {"nonVotants": null, "pours": {"votant": {"acteurRef": "PA719608", "mandatRef": "PM796593", "parDelegation": "false"}}, "contres": null, "abstentions": null}}}]}}}, "miseAuPoint": null}}