{"scrutin": {"@xmlns": "http://schemas.assemblee-nationale.fr/referentiel", "@xmlns:xsi": "http://www.w3.org/2001/XMLSchema-instance", "uid": "VTANR5L16V1211", "numero": "1211", "organeRef": "PO791932", "legislature": "16", "sessionRef": "SCR5A2023O1", "seanceRef": "RUANR5L16S2023IDS26883", "dateScrutin": "2023-03-16", "quantiemeJourSeance": "1", "typeVote": {"codeTypeVote": "SPO", "libelleTypeVote": "scrutin public ordinaire", "typeMajorite": "majorit\u00e9 absolue des suffrages exprim\u00e9s"}, "sort": {"code": "adopt\u00e9", "libelle": "l'Assembl\u00e9e nationale a adopt\u00e9"}, "titre": "l'article 4 du projet de loi relatif \u00e0 l\u2019acc\u00e9l\u00e9ration des proc\u00e9dures li\u00e9es \u00e0 la construction de nouvelles installations nucl\u00e9aires \u00e0 proximit\u00e9 de sites nucl\u00e9aires existants et au fonctionnement des installations existantes (premi\u00e8re lecture).", "demandeur": {"texte": "Pr\u00e9sidente du groupe \"Renaissance\"", "referenceLegislative": null}, "objet": {"libelle": "l'article 4 du projet de loi relatif \u00e0 l\u2019acc\u00e9l\u00e9ration des proc\u00e9dures li\u00e9es \u00e0 la construction de nouvelles installations nucl\u00e9aires \u00e0 proximit\u00e9 de sites nucl\u00e9aires existants et au fonctionnement des installations existantes (premi\u00e8re lecture).", "referenceLegislative": null}, "modePublicationDesVotes": "DecompteNominatif", "syntheseVote": {"nombreVotants": "84", "suffragesExprimes": "80", "nbrSuffragesRequis": "41", "annonce": "l'Assembl\u00e9e nationale a adopt\u00e9", "decompte": {"nonVotants": "1", "pour": "60", "contre": "20", "abstentions": "4", "nonVotantsVolontaires": "0"}}, "ventilationVotes": {"organe": {"organeRef": "PO791932", "groupes": {"groupe": [{"organeRef": "PO800538", "nombreMembresGroupe": "170", "vote": {"positionMajoritaire": "pour", "decompteVoix": {"nonVotants": "0", "pour": "34", "contre": "0", "abstentions": "0", "nonVotantsVolontaires": "0"}, "decompteNominatif": {"nonVotants": null, "pours": {"votant": [{"acteurRef": "PA605963", "mandatRef": "PM796494", "parDelegation": "false"}, {"acteurRef": "PA607395", "mandatRef": "PM796818", "parDelegation": "false"}, {"acteurRef": "PA718674", "mandatRef": "PM796164", "parDelegation": "false"}, {"acteurRef": "PA718710", "mandatRef": "PM796149", "parDelegation": "false"}, {"acteurRef": "PA718930", "mandatRef": "PM796287", "parDelegation": "false"}, {"acteurRef": "PA719108", "mandatRef": "PM796410", "parDelegation": "true"}, {"acteurRef": "PA719372", "mandatRef": "PM796446", "parDelegation": "false"}, {"acteurRef": "PA719756", "mandatRef": "PM796701", "parDelegation": "false"}, {"acteurRef": "PA719798", "mandatRef": "PM796638", "parDelegation": "false"}, {"acteurRef": "PA719882", "mandatRef": "PM796677", "parDelegation": "true"}, {"acteurRef": "PA719890", "mandatRef": "PM796680", "parDelegation": "false"}, {"acteurRef": "PA720054", "mandatRef": "PM796752", "parDelegation": "false"}, {"acteurRef": "PA720154", "mandatRef": "PM796806", "parDelegation": "false"}, {"acteurRef": "PA720222", "mandatRef": "PM796830", "parDelegation": "false"}, {"acteurRef": "PA720354", "mandatRef": "PM796896", "parDelegation": "false"}, {"acteurRef": "PA721024", "mandatRef": "PM797592", "parDelegation": "false"}, {"acteurRef": "PA721426", "mandatRef": "PM797322", "parDelegation": "true"}, {"acteurRef": "PA721466", "mandatRef": "PM797268", "parDelegation": "false"}, {"acteurRef": "PA721710", "mandatRef": "PM797505", "parDelegation": "false"}, {"acteurRef": "PA722070", "mandatRef": "PM797406", "parDelegation": "false"}, {"acteurRef": "PA722366", "mandatRef": "PM797193", "parDelegation": "false"}, {"acteurRef": "PA794330", "mandatRef": "PM796854", "parDelegation": "false"}, {"acteurRef": "PA794386", "mandatRef": "PM796893", "parDelegation": "false"}, {"acteurRef": "PA794798", "mandatRef": "PM797124", "parDelegation": "false"}, {"acteurRef": "PA721482", "mandatRef": "PM797514", "parDelegation": "false"}, {"acteurRef": "PA795664", "mandatRef": "PM797613", "parDelegation": "true"}, {"acteurRef": "PA795730", "mandatRef": "PM797652", "parDelegation": "false"}, {"acteurRef": "PA795926", "mandatRef": "PM797757", "parDelegation": "true"}, {"acteurRef": "PA795990", "mandatRef": "PM797793", "parDelegation": "false"}, {"acteurRef": "PA712014", "mandatRef": "PM802637", "parDelegation": "true"}, {"acteurRef": "PA642695", "mandatRef": "PM796389", "parDelegation": "false"}, {"acteurRef": "PA721632", "mandatRef": "PM802647", "parDelegation": "false"}, {"acteurRef": "PA719664", "mandatRef": "PM796611", "parDelegation": "false"}, {"acteurRef": "PA721828", "mandatRef": "PM802651", "parDelegation": "false"}]}, "contres": null, "abstentions": null}}}, {"organeRef": "PO800520", "nombreMembresGroupe": "88", "vote": {"positionMajoritaire": "pour", "decompteVoix": {"nonVotants": "0", "pour": "11", "contre": "0", "abstentions": "0", "nonVotantsVolontaires": "0"}, "decompteNominatif": {"nonVotants": null, "pours": {"votant": [{"acteurRef": "PA794418", "mandatRef": "PM796914", "parDelegation": "false"}, {"acteurRef": "PA795778", "mandatRef": "PM797682", "parDelegation": "true"}, {"acteurRef": "PA793146", "mandatRef": "PM796173", "parDelegation": "false"}, {"acteurRef": "PA793246", "mandatRef": "PM796227", "parDelegation": "false"}, {"acteurRef": "PA793672", "mandatRef": "PM796473", "parDelegation": "false"}, {"acteurRef": "PA793928", "mandatRef": "PM796608", "parDelegation": "false"}, {"acteurRef": "PA794314", "mandatRef": "PM796848", "parDelegation": "false"}, {"acteurRef": "PA794322", "mandatRef": "PM796851", "parDelegation": "false"}, {"acteurRef": "PA794442", "mandatRef": "PM796923", "parDelegation": "false"}, {"acteurRef": "PA794638", "mandatRef": "PM797034", "parDelegation": "false"}, {"acteurRef": "PA794954", "mandatRef": "PM797208", "parDelegation": "false"}]}, "contres": null, "abstentions": null}}}, {"organeRef": "PO800490", "nombreMembresGroupe": "74", "vote": {"positionMajoritaire": "contre", "decompteVoix": {"nonVotants": "1", "pour": "0", "contre": "12", "abstentions": "0", "nonVotantsVolontaires": "0"}, "decompteNominatif": {"nonVotants": {"votant": {"acteurRef": "PA720286", "mandatRef": "PM796878", "causePositionVote": "PSE"}}, "pours": null, "contres": {"votant": [{"acteurRef": "PA720846", "mandatRef": "PM797328", "parDelegation": "false"}, {"acteurRef": "PA793532", "mandatRef": "PM796386", "parDelegation": "false"}, {"acteurRef": "PA793744", "mandatRef": "PM796506", "parDelegation": "false"}, {"acteurRef": "PA793772", "mandatRef": "PM796521", "parDelegation": "false"}, {"acteurRef": "PA794082", "mandatRef": "PM796698", "parDelegation": "false"}, {"acteurRef": "PA794106", "mandatRef": "PM796716", "parDelegation": "true"}, {"acteurRef": "PA794166", "mandatRef": "PM796749", "parDelegation": "false"}, {"acteurRef": "PA795136", "mandatRef": "PM797319", "parDelegation": "false"}, {"acteurRef": "PA795310", "mandatRef": "PM797415", "parDelegation": "false"}, {"acteurRef": "PA795516", "mandatRef": "PM797529", "parDelegation": "false"}, {"acteurRef": "PA795588", "mandatRef": "PM797577", "parDelegation": "true"}, {"acteurRef": "PA817211", "mandatRef": "PM817366", "parDelegation": "false"}]}, "abstentions": null}}}, {"organeRef": "PO800508", "nombreMembresGroupe": "61", "vote": {"positionMajoritaire": "pour", "decompteVoix": {"nonVotants": "0", "pour": "2", "contre": "0", "abstentions": "0", "nonVotantsVolontaires": "0"}, "decompteNominatif": {"nonVotants": null, "pours": {"votant": [{"acteurRef": "PA721474", "mandatRef": "PM797511", "parDelegation": "false"}, {"acteurRef": "PA721442", "mandatRef": "PM797253", "parDelegation": "false"}]}, "contres": null, "abstentions": null}}}, {"organeRef": "PO800484", "nombreMembresGroupe": "51", "vote": {"positionMajoritaire": "pour", "decompteVoix": {"nonVotants": "0", "pour": "4", "contre": "0", "abstentions": "0", "nonVotantsVolontaires": "0"}, "decompteNominatif": {"nonVotants": null, "pours": {"votant": [{"acteurRef": "PA720256", "mandatRef": "PM796929", "parDelegation": "false"}, {"acteurRef": "PA794810", "mandatRef": "PM797130", "parDelegation": "false"}, {"acteurRef": "PA795258", "mandatRef": "PM797385", "parDelegation": "false"}, {"acteurRef": "PA805166", "mandatRef": "PM805854", "parDelegation": "false"}]}, "contres": null, "abstentions": null}}}, {"organeRef": "PO800496", "nombreMembresGroupe": "31", "vote": {"positionMajoritaire": "abstention", "decompteVoix": {"nonVotants": "0", "pour": "0", "contre": "2", "abstentions": "3", "nonVotantsVolontaires": "3"}, "decompteNominatif": {"nonVotants": null, "pours": null, "contres": {"votant": [{"acteurRef": "PA795430", "mandatRef": "PM797481", "parDelegation": "false"}, {"acteurRef": "PA774958", "mandatRef": "PM797355", "parDelegation": "false"}]}, "abstentions": {"votant": [{"acteurRef": "PA342415", "mandatRef": "PM796659", "parDelegation": "false"}, {"acteurRef": "PA608172", "mandatRef": "PM797064", "parDelegation": "true"}, {"acteurRef": "PA794270", "mandatRef": "PM796821", "parDelegation": "false"}]}}}}, {"organeRef": "PO800514", "nombreMembresGroupe": "29", "vote": {"positionMajoritaire": "pour", "decompteVoix": {"nonVotants": "0", "pour": "5", "contre": "0", "abstentions": "0", "nonVotantsVolontaires": "0"}, "decompteNominatif": {"nonVotants": null, "pours": {"votant": [{"acteurRef": "PA795270", "mandatRef": "PM797394", "parDelegation": "true"}, {"acteurRef": "PA794278", "mandatRef": "PM796824", "parDelegation": "false"}, {"acteurRef": "PA793306", "mandatRef": "PM796254", "parDelegation": "false"}, {"acteurRef": "PA794426", "mandatRef": "PM796917", "parDelegation": "false"}, {"acteurRef": "PA794818", "mandatRef": "PM797136", "parDelegation": "false"}]}, "contres": null, "abstentions": null}}}, {"organeRef": "PO800502", "nombreMembresGroupe": "22", "vote": {"positionMajoritaire": "contre", "decompteVoix": {"nonVotants": "0", "pour": "1", "contre": "2", "abstentions": "1", "nonVotantsVolontaires": "1"}, "decompteNominatif": {"nonVotants": null, "pours": {"votant": {"acteurRef": "PA722202", "mandatRef": "PM797358", "parDelegation": "false"}}, "contres": {"votant": [{"acteurRef": "PA795192", "mandatRef": "PM797349", "parDelegation": "true"}, {"acteurRef": "PA335612", "mandatRef": "PM797391", "parDelegation": "false"}]}, "abstentions": {"votant": {"acteurRef": "PA722110", "mandatRef": "PM797853", "parDelegation": "false"}}}}}, {"organeRef": "PO800526", "nombreMembresGroupe": "22", "vote": {"positionMajoritaire": "contre", "decompteVoix": {"nonVotants": "0", "pour": "0", "contre": "4", "abstentions": "0", "nonVotantsVolontaires": "0"}, "decompteNominatif": {"nonVotants": null, "pours": null, "contres": {"votant": [{"acteurRef": "PA793948", "mandatRef": "PM796617", "parDelegation": "false"}, {"acteurRef": "PA793664", "mandatRef": "PM796467", "parDelegation": "false"}, {"acteurRef": "PA793980", "mandatRef": "PM796635", "parDelegation": "false"}, {"acteurRef": "PA794146", "mandatRef": "PM796737", "parDelegation": "false"}]}, "abstentions": null}}}, {"organeRef": "PO800532", "nombreMembresGroupe": "20", "vote": {"positionMajoritaire": "pour", "decompteVoix": {"nonVotants": "0", "pour": "2", "contre": "0", "abstentions": "0", "nonVotantsVolontaires": "0"}, "decompteNominatif": {"nonVotants": null, "pours": {"votant": [{"acteurRef": "PA794626", "mandatRef": "PM797028", "parDelegation": "false"}, {"acteurRef": "PA795244", "mandatRef": "PM797379", "parDelegation": "false"}]}, "contres": null, "abstentions": null}}}, {"organeRef": "PO793087", "nombreMembresGroupe": "5", "vote": {"positionMajoritaire": "pour", "decompteVoix": {"nonVotants": "0", "pour": "1", "contre": "0", "abstentions": "0", "nonVotantsVolontaires": "0"}, "decompteNominatif": {"nonVotants": null, "pours": {"votant": {"acteurRef": "PA719608", "mandatRef": "PM796593", "parDelegation": "false"}}, "contres": null, "abstentions": null}}}]}}}, "miseAuPoint": null}}