{"scrutin": {"@xmlns": "http://schemas.assemblee-nationale.fr/referentiel", "@xmlns:xsi": "http://www.w3.org/2001/XMLSchema-instance", "uid": "VTANR5L16V689", "numero": "689", "organeRef": "PO791932", "legislature": "16", "sessionRef": "SCR5A2023O1", "seanceRef": "RUANR5L16S2023IDS26602", "dateScrutin": "2022-12-07", "quantiemeJourSeance": "2", "typeVote": {"codeTypeVote": "SPO", "libelleTypeVote": "scrutin public ordinaire", "typeMajorite": "majorit\u00e9 absolue des suffrages exprim\u00e9s"}, "sort": {"code": "adopt\u00e9", "libelle": "l'Assembl\u00e9e nationale a adopt\u00e9"}, "titre": "l'amendement n\u00b0 1416 de M. Jumel \u00e0 l'article 3 (examen prioritaire) du projet de loi relatif \u00e0 l'acc\u00e9l\u00e9ration de la production d'\u00e9nergies renouvelables (premi\u00e8re lecture).", "demandeur": {"texte": "Pr\u00e9sidente du groupe \"Renaissance\"", "referenceLegislative": null}, "objet": {"libelle": "l'amendement n\u00b0 1416 de M. Jumel \u00e0 l'article 3 (examen prioritaire) du projet de loi relatif \u00e0 l'acc\u00e9l\u00e9ration de la production d'\u00e9nergies renouvelables (premi\u00e8re lecture).", "referenceLegislative": null}, "modePublicationDesVotes": "DecompteNominatif", "syntheseVote": {"nombreVotants": "170", "suffragesExprimes": "168", "nbrSuffragesRequis": "85", "annonce": "l'Assembl\u00e9e nationale a adopt\u00e9", "decompte": {"nonVotants": "1", "pour": "158", "contre": "10", "abstentions": "2", "nonVotantsVolontaires": "0"}}, "ventilationVotes": {"organe": {"organeRef": "PO791932", "groupes": {"groupe": [{"organeRef": "PO800538", "nombreMembresGroupe": "170", "vote": {"positionMajoritaire": "pour", "decompteVoix": {"nonVotants": "0", "pour": "63", "contre": "3", "abstentions": "0", "nonVotantsVolontaires": "0"}, "decompteNominatif": {"nonVotants": null, "pours": {"votant": [{"acteurRef": "PA722398", "mandatRef": "PM797217", "parDelegation": "false"}, {"acteurRef": "PA340643", "mandatRef": "PM796335", "parDelegation": "false"}, {"acteurRef": "PA793194", "mandatRef": "PM796200", "parDelegation": "false"}, {"acteurRef": "PA605963", "mandatRef": "PM796494", "parDelegation": "false"}, {"acteurRef": "PA721852", "mandatRef": "PM797565", "parDelegation": "false"}, {"acteurRef": "PA717379", "mandatRef": "PM797265", "parDelegation": "false"}, {"acteurRef": "PA718674", "mandatRef": "PM796164", "parDelegation": "false"}, {"acteurRef": "PA677483", "mandatRef": "PM796233", "parDelegation": "false"}, {"acteurRef": "PA718930", "mandatRef": "PM796287", "parDelegation": "false"}, {"acteurRef": "PA718962", "mandatRef": "PM796278", "parDelegation": "false"}, {"acteurRef": "PA719100", "mandatRef": "PM796407", "parDelegation": "false"}, {"acteurRef": "PA719154", "mandatRef": "PM796362", "parDelegation": "false"}, {"acteurRef": "PA719294", "mandatRef": "PM796431", "parDelegation": "false"}, {"acteurRef": "PA719338", "mandatRef": "PM796545", "parDelegation": "false"}, {"acteurRef": "PA719372", "mandatRef": "PM796446", "parDelegation": "false"}, {"acteurRef": "PA719388", "mandatRef": "PM796458", "parDelegation": "false"}, {"acteurRef": "PA719404", "mandatRef": "PM796539", "parDelegation": "false"}, {"acteurRef": "PA719412", "mandatRef": "PM796542", "parDelegation": "false"}, {"acteurRef": "PA719550", "mandatRef": "PM796551", "parDelegation": "false"}, {"acteurRef": "PA719632", "mandatRef": "PM796572", "parDelegation": "false"}, {"acteurRef": "PA719718", "mandatRef": "PM796692", "parDelegation": "false"}, {"acteurRef": "PA719882", "mandatRef": "PM796677", "parDelegation": "false"}, {"acteurRef": "PA719890", "mandatRef": "PM796680", "parDelegation": "false"}, {"acteurRef": "PA720014", "mandatRef": "PM796863", "parDelegation": "true"}, {"acteurRef": "PA720054", "mandatRef": "PM796752", "parDelegation": "false"}, {"acteurRef": "PA720154", "mandatRef": "PM796806", "parDelegation": "false"}, {"acteurRef": "PA720222", "mandatRef": "PM796830", "parDelegation": "false"}, {"acteurRef": "PA720342", "mandatRef": "PM796887", "parDelegation": "false"}, {"acteurRef": "PA720354", "mandatRef": "PM796896", "parDelegation": "false"}, {"acteurRef": "PA720362", "mandatRef": "PM796899", "parDelegation": "false"}, {"acteurRef": "PA720414", "mandatRef": "PM797019", "parDelegation": "false"}, {"acteurRef": "PA720754", "mandatRef": "PM797121", "parDelegation": "false"}, {"acteurRef": "PA720862", "mandatRef": "PM797412", "parDelegation": "false"}, {"acteurRef": "PA721426", "mandatRef": "PM797322", "parDelegation": "false"}, {"acteurRef": "PA721466", "mandatRef": "PM797268", "parDelegation": "false"}, {"acteurRef": "PA721522", "mandatRef": "PM797430", "parDelegation": "false"}, {"acteurRef": "PA721710", "mandatRef": "PM797505", "parDelegation": "false"}, {"acteurRef": "PA722038", "mandatRef": "PM797847", "parDelegation": "false"}, {"acteurRef": "PA722046", "mandatRef": "PM797625", "parDelegation": "true"}, {"acteurRef": "PA722134", "mandatRef": "PM797658", "parDelegation": "false"}, {"acteurRef": "PA722366", "mandatRef": "PM797193", "parDelegation": "false"}, {"acteurRef": "PA793270", "mandatRef": "PM796239", "parDelegation": "false"}, {"acteurRef": "PA793500", "mandatRef": "PM796365", "parDelegation": "false"}, {"acteurRef": "PA793876", "mandatRef": "PM796584", "parDelegation": "false"}, {"acteurRef": "PA794330", "mandatRef": "PM796854", "parDelegation": "false"}, {"acteurRef": "PA794386", "mandatRef": "PM796893", "parDelegation": "false"}, {"acteurRef": "PA794486", "mandatRef": "PM796953", "parDelegation": "false"}, {"acteurRef": "PA794510", "mandatRef": "PM796965", "parDelegation": "false"}, {"acteurRef": "PA795144", "mandatRef": "PM797325", "parDelegation": "false"}, {"acteurRef": "PA721482", "mandatRef": "PM797514", "parDelegation": "false"}, {"acteurRef": "PA795508", "mandatRef": "PM797526", "parDelegation": "false"}, {"acteurRef": "PA795864", "mandatRef": "PM797721", "parDelegation": "false"}, {"acteurRef": "PA712014", "mandatRef": "PM802637", "parDelegation": "true"}, {"acteurRef": "PA642695", "mandatRef": "PM796389", "parDelegation": "false"}, {"acteurRef": "PA719664", "mandatRef": "PM796611", "parDelegation": "false"}, {"acteurRef": "PA793416", "mandatRef": "PM802635", "parDelegation": "false"}, {"acteurRef": "PA795046", "mandatRef": "PM802641", "parDelegation": "false"}, {"acteurRef": "PA794004", "mandatRef": "PM802643", "parDelegation": "true"}, {"acteurRef": "PA795934", "mandatRef": "PM802645", "parDelegation": "false"}, {"acteurRef": "PA795068", "mandatRef": "PM802649", "parDelegation": "false"}, {"acteurRef": "PA721828", "mandatRef": "PM802651", "parDelegation": "false"}, {"acteurRef": "PA720174", "mandatRef": "PM803278", "parDelegation": "false"}, {"acteurRef": "PA793528", "mandatRef": "PM803284", "parDelegation": "false"}]}, "contres": {"votant": [{"acteurRef": "PA719512", "mandatRef": "PM796509", "parDelegation": "false"}, {"acteurRef": "PA795216", "mandatRef": "PM797364", "parDelegation": "false"}, {"acteurRef": "PA793190", "mandatRef": "PM802633", "parDelegation": "false"}]}, "abstentions": null}}}, {"organeRef": "PO800520", "nombreMembresGroupe": "88", "vote": {"positionMajoritaire": "pour", "decompteVoix": {"nonVotants": "0", "pour": "28", "contre": "0", "abstentions": "1", "nonVotantsVolontaires": "1"}, "decompteNominatif": {"nonVotants": null, "pours": {"votant": [{"acteurRef": "PA794418", "mandatRef": "PM796914", "parDelegation": "false"}, {"acteurRef": "PA793432", "mandatRef": "PM796323", "parDelegation": "false"}, {"acteurRef": "PA793134", "mandatRef": "PM796167", "parDelegation": "false"}, {"acteurRef": "PA793182", "mandatRef": "PM796191", "parDelegation": "false"}, {"acteurRef": "PA793230", "mandatRef": "PM796221", "parDelegation": "false"}, {"acteurRef": "PA793314", "mandatRef": "PM796257", "parDelegation": "false"}, {"acteurRef": "PA793548", "mandatRef": "PM796398", "parDelegation": "false"}, {"acteurRef": "PA793632", "mandatRef": "PM796443", "parDelegation": "true"}, {"acteurRef": "PA793656", "mandatRef": "PM796464", "parDelegation": "false"}, {"acteurRef": "PA793672", "mandatRef": "PM796473", "parDelegation": "false"}, {"acteurRef": "PA793696", "mandatRef": "PM796482", "parDelegation": "false"}, {"acteurRef": "PA793928", "mandatRef": "PM796608", "parDelegation": "false"}, {"acteurRef": "PA793964", "mandatRef": "PM796626", "parDelegation": "false"}, {"acteurRef": "PA794198", "mandatRef": "PM796776", "parDelegation": "false"}, {"acteurRef": "PA794314", "mandatRef": "PM796848", "parDelegation": "false"}, {"acteurRef": "PA794322", "mandatRef": "PM796851", "parDelegation": "false"}, {"acteurRef": "PA794434", "mandatRef": "PM796920", "parDelegation": "false"}, {"acteurRef": "PA794442", "mandatRef": "PM796923", "parDelegation": "false"}, {"acteurRef": "PA794582", "mandatRef": "PM797004", "parDelegation": "false"}, {"acteurRef": "PA794638", "mandatRef": "PM797034", "parDelegation": "false"}, {"acteurRef": "PA794678", "mandatRef": "PM797052", "parDelegation": "false"}, {"acteurRef": "PA794954", "mandatRef": "PM797208", "parDelegation": "false"}, {"acteurRef": "PA795410", "mandatRef": "PM797472", "parDelegation": "false"}, {"acteurRef": "PA795900", "mandatRef": "PM797745", "parDelegation": "false"}, {"acteurRef": "PA795966", "mandatRef": "PM797781", "parDelegation": "false"}, {"acteurRef": "PA796050", "mandatRef": "PM797823", "parDelegation": "false"}, {"acteurRef": "PA796110", "mandatRef": "PM797856", "parDelegation": "false"}, {"acteurRef": "PA721932", "mandatRef": "PM797361", "parDelegation": "false"}]}, "contres": null, "abstentions": {"votant": {"acteurRef": "PA794522", "mandatRef": "PM796971", "parDelegation": "false"}}}}}, {"organeRef": "PO800490", "nombreMembresGroupe": "75", "vote": {"positionMajoritaire": "pour", "decompteVoix": {"nonVotants": "0", "pour": "18", "contre": "0", "abstentions": "0", "nonVotantsVolontaires": "0"}, "decompteNominatif": {"nonVotants": null, "pours": {"votant": [{"acteurRef": "PA719578", "mandatRef": "PM796620", "parDelegation": "false"}, {"acteurRef": "PA721062", "mandatRef": "PM797799", "parDelegation": "false"}, {"acteurRef": "PA793464", "mandatRef": "PM796338", "parDelegation": "false"}, {"acteurRef": "PA793532", "mandatRef": "PM796386", "parDelegation": "false"}, {"acteurRef": "PA793680", "mandatRef": "PM796476", "parDelegation": "false"}, {"acteurRef": "PA793744", "mandatRef": "PM796506", "parDelegation": "false"}, {"acteurRef": "PA793756", "mandatRef": "PM796512", "parDelegation": "false"}, {"acteurRef": "PA793912", "mandatRef": "PM796599", "parDelegation": "false"}, {"acteurRef": "PA794138", "mandatRef": "PM796734", "parDelegation": "false"}, {"acteurRef": "PA794166", "mandatRef": "PM796749", "parDelegation": "false"}, {"acteurRef": "PA794786", "mandatRef": "PM797118", "parDelegation": "false"}, {"acteurRef": "PA794870", "mandatRef": "PM797172", "parDelegation": "true"}, {"acteurRef": "PA795164", "mandatRef": "PM797337", "parDelegation": "false"}, {"acteurRef": "PA795310", "mandatRef": "PM797415", "parDelegation": "false"}, {"acteurRef": "PA795466", "mandatRef": "PM797499", "parDelegation": "false"}, {"acteurRef": "PA795482", "mandatRef": "PM797508", "parDelegation": "false"}, {"acteurRef": "PA795588", "mandatRef": "PM797577", "parDelegation": "false"}, {"acteurRef": "PA796132", "mandatRef": "PM797868", "parDelegation": "false"}]}, "contres": null, "abstentions": null}}}, {"organeRef": "PO800508", "nombreMembresGroupe": "62", "vote": {"positionMajoritaire": "pour", "decompteVoix": {"nonVotants": "0", "pour": "5", "contre": "2", "abstentions": "0", "nonVotantsVolontaires": "0"}, "decompteNominatif": {"nonVotants": null, "pours": {"votant": [{"acteurRef": "PA346054", "mandatRef": "PM797679", "parDelegation": "false"}, {"acteurRef": "PA793094", "mandatRef": "PM796140", "parDelegation": "false"}, {"acteurRef": "PA793476", "mandatRef": "PM796344", "parDelegation": "false"}, {"acteurRef": "PA794410", "mandatRef": "PM796911", "parDelegation": "false"}, {"acteurRef": "PA266793", "mandatRef": "PM796317", "parDelegation": "false"}]}, "contres": {"votant": [{"acteurRef": "PA643134", "mandatRef": "PM796758", "parDelegation": "false"}, {"acteurRef": "PA722390", "mandatRef": "PM797214", "parDelegation": "false"}]}, "abstentions": null}}}, {"organeRef": "PO800484", "nombreMembresGroupe": "51", "vote": {"positionMajoritaire": "pour", "decompteVoix": {"nonVotants": "0", "pour": "22", "contre": "3", "abstentions": "0", "nonVotantsVolontaires": "0"}, "decompteNominatif": {"nonVotants": null, "pours": {"votant": [{"acteurRef": "PA794114", "mandatRef": "PM796719", "parDelegation": "false"}, {"acteurRef": "PA331582", "mandatRef": "PM796455", "parDelegation": "false"}, {"acteurRef": "PA718978", "mandatRef": "PM796320", "parDelegation": "false"}, {"acteurRef": "PA719024", "mandatRef": "PM796305", "parDelegation": "false"}, {"acteurRef": "PA719640", "mandatRef": "PM796575", "parDelegation": "false"}, {"acteurRef": "PA719822", "mandatRef": "PM796647", "parDelegation": "false"}, {"acteurRef": "PA719874", "mandatRef": "PM796674", "parDelegation": "false"}, {"acteurRef": "PA720038", "mandatRef": "PM796746", "parDelegation": "false"}, {"acteurRef": "PA720162", "mandatRef": "PM796809", "parDelegation": "false"}, {"acteurRef": "PA720334", "mandatRef": "PM796884", "parDelegation": "false"}, {"acteurRef": "PA720720", "mandatRef": "PM797076", "parDelegation": "false"}, {"acteurRef": "PA720764", "mandatRef": "PM797166", "parDelegation": "false"}, {"acteurRef": "PA721976", "mandatRef": "PM797622", "parDelegation": "false"}, {"acteurRef": "PA793520", "mandatRef": "PM796377", "parDelegation": "false"}, {"acteurRef": "PA793560", "mandatRef": "PM796404", "parDelegation": "false"}, {"acteurRef": "PA794702", "mandatRef": "PM797070", "parDelegation": "false"}, {"acteurRef": "PA794830", "mandatRef": "PM797145", "parDelegation": "false"}, {"acteurRef": "PA795100", "mandatRef": "PM797301", "parDelegation": "false"}, {"acteurRef": "PA795120", "mandatRef": "PM797310", "parDelegation": "false"}, {"acteurRef": "PA795258", "mandatRef": "PM797385", "parDelegation": "false"}, {"acteurRef": "PA795374", "mandatRef": "PM797448", "parDelegation": "false"}, {"acteurRef": "PA720006", "mandatRef": "PM803286", "parDelegation": "false"}]}, "contres": {"votant": [{"acteurRef": "PA793860", "mandatRef": "PM803290", "parDelegation": "false"}, {"acteurRef": "PA793792", "mandatRef": "PM803292", "parDelegation": "false"}, {"acteurRef": "PA805166", "mandatRef": "PM805854", "parDelegation": "false"}]}, "abstentions": null}}}, {"organeRef": "PO800496", "nombreMembresGroupe": "30", "vote": {"positionMajoritaire": "pour", "decompteVoix": {"nonVotants": "1", "pour": "3", "contre": "0", "abstentions": "1", "nonVotantsVolontaires": "1"}, "decompteNominatif": {"nonVotants": {"votant": {"acteurRef": "PA609590", "mandatRef": "PM797742", "causePositionVote": "PSE"}}, "pours": {"votant": [{"acteurRef": "PA795430", "mandatRef": "PM797481", "parDelegation": "false"}, {"acteurRef": "PA643157", "mandatRef": "PM797763", "parDelegation": "false"}, {"acteurRef": "PA643192", "mandatRef": "PM797097", "parDelegation": "false"}]}, "contres": null, "abstentions": {"votant": {"acteurRef": "PA342415", "mandatRef": "PM796659", "parDelegation": "false"}}}}}, {"organeRef": "PO800514", "nombreMembresGroupe": "29", "vote": {"positionMajoritaire": "pour", "decompteVoix": {"nonVotants": "0", "pour": "6", "contre": "0", "abstentions": "0", "nonVotantsVolontaires": "0"}, "decompteNominatif": {"nonVotants": null, "pours": {"votant": [{"acteurRef": "PA642868", "mandatRef": "PM796968", "parDelegation": "false"}, {"acteurRef": "PA722336", "mandatRef": "PM797139", "parDelegation": "false"}, {"acteurRef": "PA793572", "mandatRef": "PM796413", "parDelegation": "false"}, {"acteurRef": "PA793992", "mandatRef": "PM796641", "parDelegation": "false"}, {"acteurRef": "PA794470", "mandatRef": "PM796947", "parDelegation": "false"}, {"acteurRef": "PA719382", "mandatRef": "PM796452", "parDelegation": "false"}]}, "contres": null, "abstentions": null}}}, {"organeRef": "PO800526", "nombreMembresGroupe": "23", "vote": {"positionMajoritaire": "pour", "decompteVoix": {"nonVotants": "0", "pour": "6", "contre": "2", "abstentions": "0", "nonVotantsVolontaires": "0"}, "decompteNominatif": {"nonVotants": null, "pours": {"votant": [{"acteurRef": "PA794022", "mandatRef": "PM796662", "parDelegation": "false"}, {"acteurRef": "PA793948", "mandatRef": "PM796617", "parDelegation": "false"}, {"acteurRef": "PA793708", "mandatRef": "PM796488", "parDelegation": "true"}, {"acteurRef": "PA794154", "mandatRef": "PM796743", "parDelegation": "false"}, {"acteurRef": "PA795362", "mandatRef": "PM797442", "parDelegation": "false"}, {"acteurRef": "PA335999", "mandatRef": "PM797655", "parDelegation": "false"}]}, "contres": {"votant": [{"acteurRef": "PA794008", "mandatRef": "PM796653", "parDelegation": "false"}, {"acteurRef": "PA793980", "mandatRef": "PM796635", "parDelegation": "false"}]}, "abstentions": null}}}, {"organeRef": "PO800502", "nombreMembresGroupe": "22", "vote": {"positionMajoritaire": "pour", "decompteVoix": {"nonVotants": "0", "pour": "3", "contre": "0", "abstentions": "0", "nonVotantsVolontaires": "0"}, "decompteNominatif": {"nonVotants": null, "pours": {"votant": [{"acteurRef": "PA722202", "mandatRef": "PM797358", "parDelegation": "false"}, {"acteurRef": "PA722110", "mandatRef": "PM797853", "parDelegation": "false"}, {"acteurRef": "PA795820", "mandatRef": "PM797700", "parDelegation": "false"}]}, "contres": null, "abstentions": null}}}, {"organeRef": "PO800532", "nombreMembresGroupe": "20", "vote": {"positionMajoritaire": "pour", "decompteVoix": {"nonVotants": "0", "pour": "3", "contre": "0", "abstentions": "0", "nonVotantsVolontaires": "0"}, "decompteNominatif": {"nonVotants": null, "pours": {"votant": [{"acteurRef": "PA605069", "mandatRef": "PM796179", "parDelegation": "false"}, {"acteurRef": "PA607619", "mandatRef": "PM796890", "parDelegation": "false"}, {"acteurRef": "PA721046", "mandatRef": "PM797769", "parDelegation": "false"}]}, "contres": null, "abstentions": null}}}, {"organeRef": "PO793087", "nombreMembresGroupe": "4", "vote": {"positionMajoritaire": "pour", "decompteVoix": {"nonVotants": "0", "pour": "1", "contre": "0", "abstentions": "0", "nonVotantsVolontaires": "0"}, "decompteNominatif": {"nonVotants": null, "pours": {"votant": {"acteurRef": "PA719608", "mandatRef": "PM796593", "parDelegation": "false"}}, "contres": null, "abstentions": null}}}]}}}, "miseAuPoint": {"nonVotants": [null, null], "pours": {"votant": [{"acteurRef": "PA342415", "mandatRef": "PM796659"}, {"acteurRef": "PA794522", "mandatRef": "PM796971"}, {"acteurRef": "PA793190", "mandatRef": "PM802633"}]}, "abstentions": [null, null], "nonVotantsVolontaires": [null, null], "contres": null, "dysfonctionnement": {"nonVotants": null, "pour": null, "contre": null, "abstentions": null, "nonVotantsVolontaires": null}}}}