{"acteur": {"@xmlns": "http://schemas.assemblee-nationale.fr/referentiel", "uid": {"@xmlns:xsi": "http://www.w3.org/2001/XMLSchema-instance", "@xsi:type": "IdActeur_type", "#text": "PA590034"}, "etatCivil": {"ident": {"civ": "Mme", "prenom": "Marie-Arlette", "nom": "Carlotti", "alpha": "Carlotti marie-arlette", "trigramme": {"@xmlns:xsi": "http://www.w3.org/2001/XMLSchema-instance", "@xsi:nil": "true"}}, "infoNaissance": {"dateNais": "1952-01-21", "villeNais": "B\u00e9ziers", "depNais": "H\u00e9rault", "paysNais": "France"}, "dateDeces": {"@xmlns:xsi": "http://www.w3.org/2001/XMLSchema-instance", "@xsi:nil": "true"}}, "profession": {"libelleCourant": "DRH A\u00e9ronautique", "socProcINSEE": {"catSocPro": "Cadres d'entreprise", "famSocPro": "Cadres et professions intellectuelles sup\u00e9rieures"}}, "uri_hatvp": {"@xmlns:xsi": "http://www.w3.org/2001/XMLSchema-instance", "@xsi:nil": "true"}, "adresses": {"adresse": [{"@xmlns:xsi": "http://www.w3.org/2001/XMLSchema-instance", "@xsi:type": "AdresseMail_Type", "uid": "AD648553", "type": "15", "typeLibelle": "M\u00e8l", "poids": null, "adresseDeRattachement": null, "valElec": "macarlotti@assemblee-nationale.fr"}, {"@xmlns:xsi": "http://www.w3.org/2001/XMLSchema-instance", "@xsi:type": "AdressePostale_Type", "uid": "AD653148", "type": "0", "typeLibelle": "Adresse officielle", "poids": "1", "adresseDeRattachement": null, "intitule": "Assembl\u00e9e nationale", "numeroRue": "126", "nomRue": "Rue de l'Universit\u00e9", "complementAdresse": null, "codePostal": "75355", "ville": "Paris 07 SP"}, {"@xmlns:xsi": "http://www.w3.org/2001/XMLSchema-instance", "@xsi:type": "AdresseSiteWeb_Type", "uid": "AD775348", "type": "23", "typeLibelle": "Url s\u00e9nateur", "poids": null, "adresseDeRattachement": null, "valElec": "https://www.senat.fr/senateur/carlotti_marie_arlette12028b.html"}]}, "mandats": {"mandat": [{"@xmlns:xsi": "http://www.w3.org/2001/XMLSchema-instance", "@xsi:type": "MandatSimple_Type", "uid": "PM805313", "acteurRef": "PA590034", "legislature": null, "typeOrgane": "COMSENAT", "dateDebut": "2022-10-11", "datePublication": null, "dateFin": null, "preseance": null, "nominPrincipale": "1", "infosQualite": {"codeQualite": null, "libQualite": "Vice-Pr\u00e9sident", "libQualiteSex": null}, "organes": {"organeRef": "PO211491"}}, {"@xmlns:xsi": "http://www.w3.org/2001/XMLSchema-instance", "@xsi:type": "MandatSimple_Type", "uid": "PM777616", "acteurRef": "PA590034", "legislature": null, "typeOrgane": "COMSENAT", "dateDebut": "2020-10-06", "datePublication": null, "dateFin": "2022-10-10", "preseance": "10", "nominPrincipale": "1", "infosQualite": {"codeQualite": "Membre", "libQualite": "Membre", "libQualiteSex": "Membre"}, "organes": {"organeRef": "PO211491"}}, {"@xmlns:xsi": "http://www.w3.org/2001/XMLSchema-instance", "@xsi:type": "MandatSimple_Type", "uid": "PM777618", "acteurRef": "PA590034", "legislature": null, "typeOrgane": "GROUPESENAT", "dateDebut": "2020-10-05", "datePublication": null, "dateFin": null, "preseance": "4", "nominPrincipale": "1", "infosQualite": {"codeQualite": "Membre", "libQualite": "Membre", "libQualiteSex": "Membre du"}, "organes": {"organeRef": "PO77710"}}, {"@xmlns:xsi": "http://www.w3.org/2001/XMLSchema-instance", "@xsi:type": "MandatSimple_Type", "uid": "PM780568", "acteurRef": "PA590034", "legislature": null, "typeOrgane": "API", "dateDebut": "2021-02-01", "datePublication": null, "dateFin": null, "preseance": "40", "nominPrincipale": "1", "infosQualite": {"codeQualite": "Membre", "libQualite": "Membre", "libQualiteSex": "Membre"}, "organes": {"organeRef": "PO201115"}}, {"@xmlns:xsi": "http://www.w3.org/2001/XMLSchema-instance", "@xsi:type": "MandatSimple_Type", "uid": "PM816561", "acteurRef": "PA590034", "legislature": null, "typeOrgane": "API", "dateDebut": "2020-10-28", "datePublication": "2020-10-29", "dateFin": null, "preseance": "40", "nominPrincipale": "1", "infosQualite": {"codeQualite": "Membre", "libQualite": "Membre", "libQualiteSex": "Membre"}, "organes": {"organeRef": "PO418736"}}, {"@xmlns:xsi": "http://www.w3.org/2001/XMLSchema-instance", "@xsi:type": "MandatParlementaire_type", "uid": "PM775606", "acteurRef": "PA590034", "legislature": null, "typeOrgane": "SENAT", "dateDebut": "2020-10-01", "datePublication": null, "dateFin": null, "preseance": "20", "nominPrincipale": "1", "infosQualite": {"codeQualite": "S\u00e9nateur", "libQualite": "SENATEUR", "libQualiteSex": "S\u00e9nateur 5\u00e8me R\u00e9publique"}, "organes": {"organeRef": "PO78718"}, "suppleants": null, "chambre": null, "election": {"lieu": {"region": null, "regionType": null, "departement": null, "numDepartement": "13", "numCirco": null}, "causeMandat": null}, "mandature": {"datePriseFonction": null, "causeFin": null, "premiereElection": "0", "placeHemicycle": null, "mandatRemplaceRef": null}, "collaborateurs": null}]}}}