{"acteur": {"@xmlns": "http://schemas.assemblee-nationale.fr/referentiel", "uid": {"@xmlns:xsi": "http://www.w3.org/2001/XMLSchema-instance", "@xsi:type": "IdActeur_type", "#text": "PA605694"}, "etatCivil": {"ident": {"civ": "M.", "prenom": "Olivier", "nom": "Falorni", "alpha": "Falorni", "trigramme": "OFA"}, "infoNaissance": {"dateNais": "1972-03-27", "villeNais": "rochefort-sur-mer", "depNais": "Charente-Maritime", "paysNais": "France"}, "dateDeces": {"@xmlns:xsi": "http://www.w3.org/2001/XMLSchema-instance", "@xsi:nil": "true"}}, "profession": {"libelleCourant": "Professeur du secondaire", "socProcINSEE": {"catSocPro": "Cadres de la fonction publique, professions intellectuelles et  artistiques", "famSocPro": "Cadres et professions intellectuelles sup\u00e9rieures"}}, "uri_hatvp": "https://www.hatvp.fr/pages_nominatives/falorni-olivier", "adresses": {"adresse": [{"@xmlns:xsi": "http://www.w3.org/2001/XMLSchema-instance", "@xsi:type": "AdressePostale_Type", "uid": "AD645923", "type": "0", "typeLibelle": "Adresse officielle", "poids": "1", "adresseDeRattachement": null, "intitule": "Assembl\u00e9e nationale,", "numeroRue": "126", "nomRue": "Rue de l'Universit\u00e9,", "complementAdresse": null, "codePostal": "75355", "ville": "Paris 07 SP"}, {"@xmlns:xsi": "http://www.w3.org/2001/XMLSchema-instance", "@xsi:type": "AdressePostale_Type", "uid": "AD678847", "type": "2", "typeLibelle": "Adresse publi\u00e9e de circonscription", "poids": "22", "adresseDeRattachement": null, "intitule": "Permanence parlementaire", "numeroRue": "12 Ter", "nomRue": "Rue Villeneuve", "complementAdresse": null, "codePostal": "17000", "ville": "La Rochelle"}, {"@xmlns:xsi": "http://www.w3.org/2001/XMLSchema-instance", "@xsi:type": "AdresseTelephonique_Type", "uid": "AD678849", "type": "11", "typeLibelle": "T\u00e9l\u00e9phone", "poids": "22", "adresseDeRattachement": "AD678847", "valElec": "05 46 07 34 00"}, {"@xmlns:xsi": "http://www.w3.org/2001/XMLSchema-instance", "@xsi:type": "AdresseSiteWeb_Type", "uid": "AD726092", "type": "25", "typeLibelle": "Facebook", "poids": null, "adresseDeRattachement": null, "valElec": "olivierfalorni"}, {"@xmlns:xsi": "http://www.w3.org/2001/XMLSchema-instance", "@xsi:type": "AdresseSiteWeb_Type", "uid": "AD726358", "type": "22", "typeLibelle": "Site internet", "poids": null, "adresseDeRattachement": null, "valElec": "olivierfalorni.fr"}, {"@xmlns:xsi": "http://www.w3.org/2001/XMLSchema-instance", "@xsi:type": "AdresseSiteWeb_Type", "uid": "AD726550", "type": "24", "typeLibelle": "Twitter", "poids": null, "adresseDeRattachement": null, "valElec": "@OlivierFalorni"}, {"@xmlns:xsi": "http://www.w3.org/2001/XMLSchema-instance", "@xsi:type": "AdresseMail_Type", "uid": "AD800337", "type": "15", "typeLibelle": "M\u00e8l", "poids": null, "adresseDeRattachement": null, "valElec": "Olivier.Falorni@assemblee-nationale.fr"}]}, "mandats": {"mandat": [{"@xmlns:xsi": "http://www.w3.org/2001/XMLSchema-instance", "@xsi:type": "MandatSimple_Type", "uid": "PM806631", "acteurRef": "PA605694", "legislature": null, "typeOrgane": "PARPOL", "dateDebut": "2022-12-02", "datePublication": null, "dateFin": null, "preseance": "5", "nominPrincipale": "1", "infosQualite": {"codeQualite": "Membre", "libQualite": "Membre", "libQualiteSex": "Membre"}, "organes": {"organeRef": "PO684934"}}, {"@xmlns:xsi": "http://www.w3.org/2001/XMLSchema-instance", "@xsi:type": "MandatMission_Type", "uid": "PM806274", "acteurRef": "PA605694", "legislature": "16", "typeOrgane": "MISINFO", "dateDebut": "2022-11-23", "datePublication": null, "dateFin": "2023-03-29", "preseance": "10", "nominPrincipale": "1", "infosQualite": {"codeQualite": "Membre", "libQualite": "Membre", "libQualiteSex": "Membre"}, "organes": {"organeRef": "PO806261"}, "libelle": null, "missionSuivanteRef": null, "missionPrecedenteRef": null}, {"@xmlns:xsi": "http://www.w3.org/2001/XMLSchema-instance", "@xsi:type": "MandatSimple_Type", "uid": "PM804756", "acteurRef": "PA605694", "legislature": "16", "typeOrgane": "GP", "dateDebut": "2022-09-29", "datePublication": "2022-09-29", "dateFin": null, "preseance": "20", "nominPrincipale": "1", "infosQualite": {"codeQualite": "Membre", "libQualite": "Membre du", "libQualiteSex": "Membre du"}, "organes": {"organeRef": "PO800484"}}, {"@xmlns:xsi": "http://www.w3.org/2001/XMLSchema-instance", "@xsi:type": "MandatMission_Type", "uid": "PM806334", "acteurRef": "PA605694", "legislature": "16", "typeOrgane": "MISINFO", "dateDebut": "2022-11-29", "datePublication": null, "dateFin": "2023-03-29", "preseance": "1", "nominPrincipale": "1", "infosQualite": {"codeQualite": "Pr\u00e9sident", "libQualite": "Pr\u00e9sident", "libQualiteSex": "Pr\u00e9sident"}, "organes": {"organeRef": "PO806261"}, "libelle": null, "missionSuivanteRef": null, "missionPrecedenteRef": null}, {"@xmlns:xsi": "http://www.w3.org/2001/XMLSchema-instance", "@xsi:type": "MandatSimple_Type", "uid": "PM801484", "acteurRef": "PA605694", "legislature": "16", "typeOrgane": "COMPER", "dateDebut": "2022-06-30", "datePublication": "2022-06-30", "dateFin": null, "preseance": "32", "nominPrincipale": "1", "infosQualite": {"codeQualite": "Membre", "libQualite": "Membre", "libQualiteSex": "Membre"}, "organes": {"organeRef": "PO420120"}}, {"@xmlns:xsi": "http://www.w3.org/2001/XMLSchema-instance", "@xsi:type": "MandatSimple_Type", "uid": "PM796402", "acteurRef": "PA605694", "legislature": "16", "typeOrgane": "GP", "dateDebut": "2022-06-22", "datePublication": null, "dateFin": "2022-06-28", "preseance": "28", "nominPrincipale": "1", "infosQualite": {"codeQualite": "D\u00e9put\u00e9 non-inscrit", "libQualite": "D\u00e9put\u00e9 non-inscrit", "libQualiteSex": "D\u00e9put\u00e9 non-inscrit"}, "organes": {"organeRef": "PO793087"}}, {"@xmlns:xsi": "http://www.w3.org/2001/XMLSchema-instance", "@xsi:type": "MandatSimple_Type", "uid": "PM801134", "acteurRef": "PA605694", "legislature": "16", "typeOrgane": "GP", "dateDebut": "2022-06-29", "datePublication": "2022-06-29", "dateFin": "2022-09-28", "preseance": "28", "nominPrincipale": "1", "infosQualite": {"codeQualite": "D\u00e9put\u00e9 non-inscrit", "libQualite": "D\u00e9put\u00e9 non-inscrit", "libQualiteSex": "D\u00e9put\u00e9 non-inscrit"}, "organes": {"organeRef": "PO793087"}}, {"@xmlns:xsi": "http://www.w3.org/2001/XMLSchema-instance", "@xsi:type": "MandatSimple_Type", "uid": "PM817843", "acteurRef": "PA605694", "legislature": "16", "typeOrgane": "GE", "dateDebut": "2023-02-01", "datePublication": null, "dateFin": null, "preseance": "20", "nominPrincipale": "0", "infosQualite": {"codeQualite": "Membre", "libQualite": "Membre", "libQualiteSex": "Membre"}, "organes": {"organeRef": "PO807501"}}, {"@xmlns:xsi": "http://www.w3.org/2001/XMLSchema-instance", "@xsi:type": "MandatSimple_Type", "uid": "PM815239", "acteurRef": "PA605694", "legislature": "16", "typeOrgane": "GE", "dateDebut": "2023-01-12", "datePublication": null, "dateFin": null, "preseance": "20", "nominPrincipale": "0", "infosQualite": {"codeQualite": "Membre", "libQualite": "Membre", "libQualiteSex": "Membre"}, "organes": {"organeRef": "PO808086"}}, {"@xmlns:xsi": "http://www.w3.org/2001/XMLSchema-instance", "@xsi:type": "MandatSimple_Type", "uid": "PM815240", "acteurRef": "PA605694", "legislature": "16", "typeOrgane": "GE", "dateDebut": "2023-01-12", "datePublication": null, "dateFin": null, "preseance": "1", "nominPrincipale": "1", "infosQualite": {"codeQualite": "Pr\u00e9sident", "libQualite": "Pr\u00e9sident", "libQualiteSex": "Pr\u00e9sident"}, "organes": {"organeRef": "PO808086"}}, {"@xmlns:xsi": "http://www.w3.org/2001/XMLSchema-instance", "@xsi:type": "MandatSimple_Type", "uid": "PM817970", "acteurRef": "PA605694", "legislature": "16", "typeOrgane": "GE", "dateDebut": "2023-02-01", "datePublication": null, "dateFin": null, "preseance": "8", "nominPrincipale": "1", "infosQualite": {"codeQualite": "Vice-Pr\u00e9sident", "libQualite": "Vice-Pr\u00e9sident", "libQualiteSex": "Vice-Pr\u00e9sident"}, "organes": {"organeRef": "PO807501"}}, {"@xmlns:xsi": "http://www.w3.org/2001/XMLSchema-instance", "@xsi:type": "MandatParlementaire_type", "uid": "PM796401", "acteurRef": "PA605694", "legislature": "16", "typeOrgane": "ASSEMBLEE", "dateDebut": "2022-06-19", "datePublication": null, "dateFin": null, "preseance": "50", "nominPrincipale": "1", "infosQualite": {"codeQualite": "membre", "libQualite": "membre", "libQualiteSex": "membre"}, "organes": {"organeRef": "PO791932"}, "suppleants": {"suppleant": {"dateDebut": "2022-06-19", "dateFin": null, "suppleantRef": "PA793556"}}, "chambre": null, "election": {"lieu": {"region": "Nouvelle-Aquitaine", "regionType": "M\u00e9tropolitain", "departement": "Charente-Maritime", "numDepartement": "17", "numCirco": "1"}, "causeMandat": "\u00e9lections g\u00e9n\u00e9rales", "refCirconscription": "PO792850"}, "mandature": {"datePriseFonction": "2022-06-22", "causeFin": null, "premiereElection": "1", "placeHemicycle": "175", "mandatRemplaceRef": null}, "collaborateurs": {"collaborateur": [{"qualite": "Mme", "prenom": "St\u00e9phanie", "nom": "Costa", "dateDebut": null, "dateFin": null}, {"qualite": "M.", "prenom": "Sebastien", "nom": "Arzalier", "dateDebut": null, "dateFin": null}, {"qualite": "M.", "prenom": "Fr\u00e9d\u00e9ric", "nom": "Milhiet", "dateDebut": null, "dateFin": null}]}}]}}}