{"acteur": {"@xmlns": "http://schemas.assemblee-nationale.fr/referentiel", "uid": {"@xmlns:xsi": "http://www.w3.org/2001/XMLSchema-instance", "@xsi:type": "IdActeur_type", "#text": "PA722000"}, "etatCivil": {"ident": {"civ": "M.", "prenom": "St\u00e9phane", "nom": "Buchou", "alpha": "Buchou", "trigramme": "SBU"}, "infoNaissance": {"dateNais": "1974-03-14", "villeNais": "Strasbourg", "depNais": "Bas-Rhin", "paysNais": "France"}, "dateDeces": {"@xmlns:xsi": "http://www.w3.org/2001/XMLSchema-instance", "@xsi:nil": "true"}}, "profession": {"libelleCourant": "Cadre sup\u00e9rieur (secteur priv\u00e9)", "socProcINSEE": {"catSocPro": "Cadres d'entreprise", "famSocPro": "Cadres et professions intellectuelles sup\u00e9rieures"}}, "uri_hatvp": "https://www.hatvp.fr/pages_nominatives/buchou-stephane", "adresses": {"adresse": [{"@xmlns:xsi": "http://www.w3.org/2001/XMLSchema-instance", "@xsi:type": "AdressePostale_Type", "uid": "AD722002", "type": "0", "typeLibelle": "Adresse officielle", "poids": "1", "adresseDeRattachement": null, "intitule": "Assembl\u00e9e nationale,", "numeroRue": "126", "nomRue": "Rue de l'Universit\u00e9,", "complementAdresse": null, "codePostal": "75355", "ville": "Paris 07 SP"}, {"@xmlns:xsi": "http://www.w3.org/2001/XMLSchema-instance", "@xsi:type": "AdresseMail_Type", "uid": "AD730128", "type": "15", "typeLibelle": "M\u00e8l", "poids": null, "adresseDeRattachement": null, "valElec": "stephane.buchou@en-marche.fr"}, {"@xmlns:xsi": "http://www.w3.org/2001/XMLSchema-instance", "@xsi:type": "AdresseSiteWeb_Type", "uid": "AD732803", "type": "25", "typeLibelle": "Facebook", "poids": null, "adresseDeRattachement": null, "valElec": "Buchouassembleenationale"}, {"@xmlns:xsi": "http://www.w3.org/2001/XMLSchema-instance", "@xsi:type": "AdresseSiteWeb_Type", "uid": "AD732805", "type": "24", "typeLibelle": "Twitter", "poids": null, "adresseDeRattachement": null, "valElec": "@StephaneBuchou"}, {"@xmlns:xsi": "http://www.w3.org/2001/XMLSchema-instance", "@xsi:type": "AdresseSiteWeb_Type", "uid": "AD800177", "type": "29", "typeLibelle": "Instagram", "poids": null, "adresseDeRattachement": null, "valElec": "stephane.buchou"}, {"@xmlns:xsi": "http://www.w3.org/2001/XMLSchema-instance", "@xsi:type": "AdresseMail_Type", "uid": "AD800191", "type": "15", "typeLibelle": "M\u00e8l", "poids": null, "adresseDeRattachement": null, "valElec": "Stephane.Buchou@assemblee-nationale.fr"}]}, "mandats": {"mandat": [{"@xmlns:xsi": "http://www.w3.org/2001/XMLSchema-instance", "@xsi:type": "MandatAvecSuppleant_Type", "uid": "PM801972", "acteurRef": "PA722000", "legislature": "16", "typeOrgane": "COMNL", "dateDebut": "2022-07-06", "datePublication": "2022-07-06", "dateFin": null, "preseance": "20", "nominPrincipale": "1", "infosQualite": {"codeQualite": "Membre", "libQualite": "Membre", "libQualiteSex": "Membre"}, "organes": {"organeRef": "PO415287"}, "suppleants": null}, {"@xmlns:xsi": "http://www.w3.org/2001/XMLSchema-instance", "@xsi:type": "MandatSimple_Type", "uid": "PM807034", "acteurRef": "PA722000", "legislature": "16", "typeOrgane": "DELEG", "dateDebut": "2022-12-07", "datePublication": "2022-12-07", "dateFin": null, "preseance": "20", "nominPrincipale": "1", "infosQualite": {"codeQualite": "Membre", "libQualite": "Membre", "libQualiteSex": "Membre"}, "organes": {"organeRef": "PO744127"}}, {"@xmlns:xsi": "http://www.w3.org/2001/XMLSchema-instance", "@xsi:type": "MandatSimple_Type", "uid": "PM806541", "acteurRef": "PA722000", "legislature": null, "typeOrgane": "PARPOL", "dateDebut": "2022-12-02", "datePublication": null, "dateFin": null, "preseance": "5", "nominPrincipale": "1", "infosQualite": {"codeQualite": "Membre", "libQualite": "Membre", "libQualiteSex": "Membre"}, "organes": {"organeRef": "PO806430"}}, {"@xmlns:xsi": "http://www.w3.org/2001/XMLSchema-instance", "@xsi:type": "MandatSimple_Type", "uid": "PM800575", "acteurRef": "PA722000", "legislature": "16", "typeOrgane": "GP", "dateDebut": "2022-06-29", "datePublication": "2022-06-29", "dateFin": null, "preseance": "20", "nominPrincipale": "1", "infosQualite": {"codeQualite": "Membre", "libQualite": "Membre du", "libQualiteSex": "Membre du"}, "organes": {"organeRef": "PO800538"}}, {"@xmlns:xsi": "http://www.w3.org/2001/XMLSchema-instance", "@xsi:type": "MandatSimple_Type", "uid": "PM804711", "acteurRef": "PA722000", "legislature": "16", "typeOrgane": "COMPER", "dateDebut": "2022-09-29", "datePublication": "2022-09-29", "dateFin": "2022-11-14", "preseance": "32", "nominPrincipale": "1", "infosQualite": {"codeQualite": "Membre", "libQualite": "Membre", "libQualiteSex": "Membre"}, "organes": {"organeRef": "PO419865"}}, {"@xmlns:xsi": "http://www.w3.org/2001/XMLSchema-instance", "@xsi:type": "MandatSimple_Type", "uid": "PM806007", "acteurRef": "PA722000", "legislature": "16", "typeOrgane": "COMPER", "dateDebut": "2022-11-17", "datePublication": "2022-11-17", "dateFin": null, "preseance": "32", "nominPrincipale": "1", "infosQualite": {"codeQualite": "Membre", "libQualite": "Membre", "libQualiteSex": "Membre"}, "organes": {"organeRef": "PO419865"}}, {"@xmlns:xsi": "http://www.w3.org/2001/XMLSchema-instance", "@xsi:type": "MandatSimple_Type", "uid": "PM804585", "acteurRef": "PA722000", "legislature": "16", "typeOrgane": "COMPER", "dateDebut": "2022-09-28", "datePublication": "2022-09-28", "dateFin": "2022-09-28", "preseance": "32", "nominPrincipale": "1", "infosQualite": {"codeQualite": "Membre", "libQualite": "Membre", "libQualiteSex": "Membre"}, "organes": {"organeRef": "PO59046"}}, {"@xmlns:xsi": "http://www.w3.org/2001/XMLSchema-instance", "@xsi:type": "MandatSimple_Type", "uid": "PM801424", "acteurRef": "PA722000", "legislature": "16", "typeOrgane": "COMPER", "dateDebut": "2022-06-30", "datePublication": "2022-06-30", "dateFin": "2022-09-27", "preseance": "32", "nominPrincipale": "1", "infosQualite": {"codeQualite": "Membre", "libQualite": "Membre", "libQualiteSex": "Membre"}, "organes": {"organeRef": "PO419865"}}, {"@xmlns:xsi": "http://www.w3.org/2001/XMLSchema-instance", "@xsi:type": "MandatSimple_Type", "uid": "PM805914", "acteurRef": "PA722000", "legislature": "16", "typeOrgane": "COMPER", "dateDebut": "2022-11-15", "datePublication": "2022-11-15", "dateFin": "2022-11-16", "preseance": "32", "nominPrincipale": "1", "infosQualite": {"codeQualite": "Membre", "libQualite": "Membre", "libQualiteSex": "Membre"}, "organes": {"organeRef": "PO59046"}}, {"@xmlns:xsi": "http://www.w3.org/2001/XMLSchema-instance", "@xsi:type": "MandatSimple_Type", "uid": "PM818106", "acteurRef": "PA722000", "legislature": "16", "typeOrgane": "GE", "dateDebut": "2023-02-02", "datePublication": null, "dateFin": null, "preseance": "20", "nominPrincipale": "0", "infosQualite": {"codeQualite": "Membre", "libQualite": "Membre", "libQualiteSex": "Membre"}, "organes": {"organeRef": "PO810668"}}, {"@xmlns:xsi": "http://www.w3.org/2001/XMLSchema-instance", "@xsi:type": "MandatSimple_Type", "uid": "PM815304", "acteurRef": "PA722000", "legislature": "16", "typeOrgane": "GE", "dateDebut": "2023-01-12", "datePublication": null, "dateFin": null, "preseance": "20", "nominPrincipale": "0", "infosQualite": {"codeQualite": "Membre", "libQualite": "Membre", "libQualiteSex": "Membre"}, "organes": {"organeRef": "PO807101"}}, {"@xmlns:xsi": "http://www.w3.org/2001/XMLSchema-instance", "@xsi:type": "MandatSimple_Type", "uid": "PM815306", "acteurRef": "PA722000", "legislature": "16", "typeOrgane": "GE", "dateDebut": "2023-01-12", "datePublication": null, "dateFin": null, "preseance": "1", "nominPrincipale": "1", "infosQualite": {"codeQualite": "Pr\u00e9sident", "libQualite": "Pr\u00e9sident", "libQualiteSex": "Pr\u00e9sident"}, "organes": {"organeRef": "PO807101"}}, {"@xmlns:xsi": "http://www.w3.org/2001/XMLSchema-instance", "@xsi:type": "MandatSimple_Type", "uid": "PM816698", "acteurRef": "PA722000", "legislature": "16", "typeOrgane": "GE", "dateDebut": "2023-01-25", "datePublication": null, "dateFin": null, "preseance": "20", "nominPrincipale": "1", "infosQualite": {"codeQualite": "Membre", "libQualite": "Membre", "libQualiteSex": "Membre"}, "organes": {"organeRef": "PO807301"}}, {"@xmlns:xsi": "http://www.w3.org/2001/XMLSchema-instance", "@xsi:type": "MandatSimple_Type", "uid": "PM817792", "acteurRef": "PA722000", "legislature": "16", "typeOrgane": "GE", "dateDebut": "2023-02-01", "datePublication": null, "dateFin": null, "preseance": "20", "nominPrincipale": "0", "infosQualite": {"codeQualite": "Membre", "libQualite": "Membre", "libQualiteSex": "Membre"}, "organes": {"organeRef": "PO810766"}}, {"@xmlns:xsi": "http://www.w3.org/2001/XMLSchema-instance", "@xsi:type": "MandatSimple_Type", "uid": "PM820602", "acteurRef": "PA722000", "legislature": "16", "typeOrgane": "GE", "dateDebut": "2023-02-14", "datePublication": null, "dateFin": null, "preseance": "20", "nominPrincipale": "1", "infosQualite": {"codeQualite": "Membre", "libQualite": "Membre", "libQualiteSex": "Membre"}, "organes": {"organeRef": "PO810607"}}, {"@xmlns:xsi": "http://www.w3.org/2001/XMLSchema-instance", "@xsi:type": "MandatSimple_Type", "uid": "PM797401", "acteurRef": "PA722000", "legislature": "16", "typeOrgane": "GP", "dateDebut": "2022-06-22", "datePublication": null, "dateFin": "2022-06-28", "preseance": "28", "nominPrincipale": "1", "infosQualite": {"codeQualite": "D\u00e9put\u00e9 non-inscrit", "libQualite": "D\u00e9put\u00e9 non-inscrit", "libQualiteSex": "D\u00e9put\u00e9 non-inscrit"}, "organes": {"organeRef": "PO793087"}}, {"@xmlns:xsi": "http://www.w3.org/2001/XMLSchema-instance", "@xsi:type": "MandatSimple_Type", "uid": "PM818212", "acteurRef": "PA722000", "legislature": "16", "typeOrgane": "GA", "dateDebut": "2023-02-03", "datePublication": null, "dateFin": null, "preseance": "14", "nominPrincipale": "1", "infosQualite": {"codeQualite": "Secr\u00e9taire", "libQualite": "Secr\u00e9taire", "libQualiteSex": "Secr\u00e9taire"}, "organes": {"organeRef": "PO807066"}}, {"@xmlns:xsi": "http://www.w3.org/2001/XMLSchema-instance", "@xsi:type": "MandatSimple_Type", "uid": "PM812211", "acteurRef": "PA722000", "legislature": "16", "typeOrgane": "GA", "dateDebut": "2022-12-12", "datePublication": null, "dateFin": null, "preseance": "20", "nominPrincipale": "1", "infosQualite": {"codeQualite": "Membre", "libQualite": "Membre", "libQualiteSex": "Membre"}, "organes": {"organeRef": "PO807633"}}, {"@xmlns:xsi": "http://www.w3.org/2001/XMLSchema-instance", "@xsi:type": "MandatSimple_Type", "uid": "PM812209", "acteurRef": "PA722000", "legislature": "16", "typeOrgane": "GA", "dateDebut": "2022-12-12", "datePublication": null, "dateFin": null, "preseance": "20", "nominPrincipale": "1", "infosQualite": {"codeQualite": "Membre", "libQualite": "Membre", "libQualiteSex": "Membre"}, "organes": {"organeRef": "PO808131"}}, {"@xmlns:xsi": "http://www.w3.org/2001/XMLSchema-instance", "@xsi:type": "MandatSimple_Type", "uid": "PM812213", "acteurRef": "PA722000", "legislature": "16", "typeOrgane": "GA", "dateDebut": "2022-12-12", "datePublication": null, "dateFin": null, "preseance": "20", "nominPrincipale": "1", "infosQualite": {"codeQualite": "Membre", "libQualite": "Membre", "libQualiteSex": "Membre"}, "organes": {"organeRef": "PO807876"}}, {"@xmlns:xsi": "http://www.w3.org/2001/XMLSchema-instance", "@xsi:type": "MandatSimple_Type", "uid": "PM812215", "acteurRef": "PA722000", "legislature": "16", "typeOrgane": "GA", "dateDebut": "2022-12-12", "datePublication": null, "dateFin": null, "preseance": "20", "nominPrincipale": "1", "infosQualite": {"codeQualite": "Membre", "libQualite": "Membre", "libQualiteSex": "Membre"}, "organes": {"organeRef": "PO808231"}}, {"@xmlns:xsi": "http://www.w3.org/2001/XMLSchema-instance", "@xsi:type": "MandatSimple_Type", "uid": "PM812208", "acteurRef": "PA722000", "legislature": "16", "typeOrgane": "GA", "dateDebut": "2022-12-12", "datePublication": null, "dateFin": null, "preseance": "20", "nominPrincipale": "1", "infosQualite": {"codeQualite": "Membre", "libQualite": "Membre", "libQualiteSex": "Membre"}, "organes": {"organeRef": "PO807391"}}, {"@xmlns:xsi": "http://www.w3.org/2001/XMLSchema-instance", "@xsi:type": "MandatSimple_Type", "uid": "PM812218", "acteurRef": "PA722000", "legislature": "16", "typeOrgane": "GA", "dateDebut": "2022-12-12", "datePublication": null, "dateFin": null, "preseance": "20", "nominPrincipale": "1", "infosQualite": {"codeQualite": "Membre", "libQualite": "Membre", "libQualiteSex": "Membre"}, "organes": {"organeRef": "PO807931"}}, {"@xmlns:xsi": "http://www.w3.org/2001/XMLSchema-instance", "@xsi:type": "MandatSimple_Type", "uid": "PM812222", "acteurRef": "PA722000", "legislature": "16", "typeOrgane": "GA", "dateDebut": "2022-12-12", "datePublication": null, "dateFin": null, "preseance": "20", "nominPrincipale": "1", "infosQualite": {"codeQualite": "Membre", "libQualite": "Membre", "libQualiteSex": "Membre"}, "organes": {"organeRef": "PO807678"}}, {"@xmlns:xsi": "http://www.w3.org/2001/XMLSchema-instance", "@xsi:type": "MandatSimple_Type", "uid": "PM812224", "acteurRef": "PA722000", "legislature": "16", "typeOrgane": "GA", "dateDebut": "2022-12-12", "datePublication": null, "dateFin": null, "preseance": "20", "nominPrincipale": "0", "infosQualite": {"codeQualite": "Membre", "libQualite": "Membre", "libQualiteSex": "Membre"}, "organes": {"organeRef": "PO808206"}}, {"@xmlns:xsi": "http://www.w3.org/2001/XMLSchema-instance", "@xsi:type": "MandatSimple_Type", "uid": "PM812226", "acteurRef": "PA722000", "legislature": "16", "typeOrgane": "GA", "dateDebut": "2022-12-12", "datePublication": null, "dateFin": null, "preseance": "20", "nominPrincipale": "0", "infosQualite": {"codeQualite": "Membre", "libQualite": "Membre", "libQualiteSex": "Membre"}, "organes": {"organeRef": "PO807066"}}, {"@xmlns:xsi": "http://www.w3.org/2001/XMLSchema-instance", "@xsi:type": "MandatSimple_Type", "uid": "PM819703", "acteurRef": "PA722000", "legislature": "16", "typeOrgane": "GE", "dateDebut": "2023-02-13", "datePublication": null, "dateFin": null, "preseance": "8", "nominPrincipale": "1", "infosQualite": {"codeQualite": "Vice-Pr\u00e9sident", "libQualite": "Vice-Pr\u00e9sident", "libQualiteSex": "Vice-Pr\u00e9sident"}, "organes": {"organeRef": "PO810668"}}, {"@xmlns:xsi": "http://www.w3.org/2001/XMLSchema-instance", "@xsi:type": "MandatSimple_Type", "uid": "PM817794", "acteurRef": "PA722000", "legislature": "16", "typeOrgane": "GE", "dateDebut": "2023-02-01", "datePublication": null, "dateFin": null, "preseance": "8", "nominPrincipale": "1", "infosQualite": {"codeQualite": "Vice-Pr\u00e9sident", "libQualite": "Vice-Pr\u00e9sident", "libQualiteSex": "Vice-Pr\u00e9sident"}, "organes": {"organeRef": "PO810766"}}, {"@xmlns:xsi": "http://www.w3.org/2001/XMLSchema-instance", "@xsi:type": "MandatSimple_Type", "uid": "PM814645", "acteurRef": "PA722000", "legislature": "16", "typeOrgane": "GA", "dateDebut": "2023-01-03", "datePublication": null, "dateFin": null, "preseance": "8", "nominPrincipale": "1", "infosQualite": {"codeQualite": "Vice-Pr\u00e9sident", "libQualite": "Vice-Pr\u00e9sident", "libQualiteSex": "Vice-Pr\u00e9sident"}, "organes": {"organeRef": "PO808206"}}, {"@xmlns:xsi": "http://www.w3.org/2001/XMLSchema-instance", "@xsi:type": "MandatParlementaire_type", "uid": "PM797400", "acteurRef": "PA722000", "legislature": "16", "typeOrgane": "ASSEMBLEE", "dateDebut": "2022-06-19", "datePublication": null, "dateFin": null, "preseance": "50", "nominPrincipale": "1", "infosQualite": {"codeQualite": "membre", "libQualite": "membre", "libQualiteSex": "membre"}, "organes": {"organeRef": "PO791932"}, "suppleants": {"suppleant": {"dateDebut": "2022-06-19", "dateFin": null, "suppleantRef": "PA795286"}}, "chambre": null, "election": {"lieu": {"region": "Pays de la Loire", "regionType": "M\u00e9tropolitain", "departement": "Vend\u00e9e", "numDepartement": "85", "numCirco": "3"}, "causeMandat": "\u00e9lections g\u00e9n\u00e9rales", "refCirconscription": "PO792486"}, "mandature": {"datePriseFonction": "2022-06-22", "causeFin": null, "premiereElection": "1", "placeHemicycle": "395", "mandatRemplaceRef": null}, "collaborateurs": {"collaborateur": [{"qualite": "M.", "prenom": "Yann", "nom": "Legargeant", "dateDebut": null, "dateFin": null}, {"qualite": "Mme", "prenom": "Hind", "nom": "Tennia", "dateDebut": null, "dateFin": null}, {"qualite": "Mme", "prenom": "Mathilde", "nom": "Mandin", "dateDebut": null, "dateFin": null}]}}]}}}