{"acteur": {"@xmlns": "http://schemas.assemblee-nationale.fr/referentiel", "uid": {"@xmlns:xsi": "http://www.w3.org/2001/XMLSchema-instance", "@xsi:type": "IdActeur_type", "#text": "PA736166"}, "etatCivil": {"ident": {"civ": "Mme", "prenom": "Sonia", "nom": "de la Prov\u00f4t\u00e9", "alpha": "La provote_sonia", "trigramme": {"@xmlns:xsi": "http://www.w3.org/2001/XMLSchema-instance", "@xsi:nil": "true"}}, "infoNaissance": {"dateNais": "1968-12-25", "villeNais": {"@xmlns:xsi": "http://www.w3.org/2001/XMLSchema-instance", "@xsi:nil": "true"}, "depNais": {"@xmlns:xsi": "http://www.w3.org/2001/XMLSchema-instance", "@xsi:nil": "true"}, "paysNais": {"@xmlns:xsi": "http://www.w3.org/2001/XMLSchema-instance", "@xsi:nil": "true"}}, "dateDeces": {"@xmlns:xsi": "http://www.w3.org/2001/XMLSchema-instance", "@xsi:nil": "true"}}, "profession": {"libelleCourant": {"@xmlns:xsi": "http://www.w3.org/2001/XMLSchema-instance", "@xsi:nil": "true"}, "socProcINSEE": {"catSocPro": {"@xmlns:xsi": "http://www.w3.org/2001/XMLSchema-instance", "@xsi:nil": "true"}, "famSocPro": {"@xmlns:xsi": "http://www.w3.org/2001/XMLSchema-instance", "@xsi:nil": "true"}}}, "uri_hatvp": {"@xmlns:xsi": "http://www.w3.org/2001/XMLSchema-instance", "@xsi:nil": "true"}, "adresses": {"adresse": {"@xmlns:xsi": "http://www.w3.org/2001/XMLSchema-instance", "@xsi:type": "AdresseSiteWeb_Type", "uid": "AD736450", "type": "23", "typeLibelle": "Url s\u00e9nateur", "poids": null, "adresseDeRattachement": null, "valElec": "https://www.senat.fr/senateur/de_la_provote_sonia19735d.html"}}, "mandats": {"mandat": [{"@xmlns:xsi": "http://www.w3.org/2001/XMLSchema-instance", "@xsi:type": "MandatSimple_Type", "uid": "PM819877", "acteurRef": "PA736166", "legislature": null, "typeOrgane": "COMSPSENAT", "dateDebut": "2023-02-08", "datePublication": null, "dateFin": null, "preseance": null, "nominPrincipale": "1", "infosQualite": {"codeQualite": null, "libQualite": "Secr\u00e9taire", "libQualiteSex": null}, "organes": {"organeRef": "PO818358"}}, {"@xmlns:xsi": "http://www.w3.org/2001/XMLSchema-instance", "@xsi:type": "MandatSimple_Type", "uid": "PM818487", "acteurRef": "PA736166", "legislature": null, "typeOrgane": "COMSPSENAT", "dateDebut": "2023-02-01", "datePublication": null, "dateFin": "2023-02-07", "preseance": null, "nominPrincipale": "1", "infosQualite": {"codeQualite": null, "libQualite": "Membre", "libQualiteSex": null}, "organes": {"organeRef": "PO818358"}}, {"@xmlns:xsi": "http://www.w3.org/2001/XMLSchema-instance", "@xsi:type": "MandatAvecSuppleant_Type", "uid": "PM776201", "acteurRef": "PA736166", "legislature": null, "typeOrgane": "OFFPAR", "dateDebut": "2020-10-20", "datePublication": "2020-10-22", "dateFin": null, "preseance": "24", "nominPrincipale": "0", "infosQualite": {"codeQualite": "Membre", "libQualite": "Membre", "libQualiteSex": "Membre"}, "organes": {"organeRef": "PO273589"}, "suppleants": null}, {"@xmlns:xsi": "http://www.w3.org/2001/XMLSchema-instance", "@xsi:type": "MandatSimple_Type", "uid": "PM778399", "acteurRef": "PA736166", "legislature": null, "typeOrgane": "DELEGSENAT", "dateDebut": "2020-10-20", "datePublication": null, "dateFin": null, "preseance": "4", "nominPrincipale": "1", "infosQualite": {"codeQualite": "Membre", "libQualite": "Membre", "libQualiteSex": "Membre"}, "organes": {"organeRef": "PO420387"}}, {"@xmlns:xsi": "http://www.w3.org/2001/XMLSchema-instance", "@xsi:type": "MandatSimple_Type", "uid": "PM777898", "acteurRef": "PA736166", "legislature": null, "typeOrgane": "COMSENAT", "dateDebut": "2020-10-07", "datePublication": null, "dateFin": null, "preseance": null, "nominPrincipale": "1", "infosQualite": {"codeQualite": null, "libQualite": "Secr\u00e9taire", "libQualiteSex": null}, "organes": {"organeRef": "PO211490"}}, {"@xmlns:xsi": "http://www.w3.org/2001/XMLSchema-instance", "@xsi:type": "MandatSimple_Type", "uid": "PM741668", "acteurRef": "PA736166", "legislature": null, "typeOrgane": "GROUPESENAT", "dateDebut": "2017-10-03", "datePublication": null, "dateFin": null, "preseance": "4", "nominPrincipale": "1", "infosQualite": {"codeQualite": "Membre", "libQualite": "Membre", "libQualiteSex": "Membre du"}, "organes": {"organeRef": "PO309463"}}, {"@xmlns:xsi": "http://www.w3.org/2001/XMLSchema-instance", "@xsi:type": "MandatAvecSuppleant_Type", "uid": "PM776279", "acteurRef": "PA736166", "legislature": null, "typeOrgane": "OFFPAR", "dateDebut": "2020-10-22", "datePublication": "2020-10-23", "dateFin": null, "preseance": "10", "nominPrincipale": "1", "infosQualite": {"codeQualite": "Vice-Pr\u00e9sident", "libQualite": "Vice-Pr\u00e9sident", "libQualiteSex": "Vice-Pr\u00e9sidente"}, "organes": {"organeRef": "PO273589"}, "suppleants": null}, {"@xmlns:xsi": "http://www.w3.org/2001/XMLSchema-instance", "@xsi:type": "MandatParlementaire_type", "uid": "PM775765", "acteurRef": "PA736166", "legislature": null, "typeOrgane": "SENAT", "dateDebut": "2020-10-01", "datePublication": null, "dateFin": null, "preseance": "20", "nominPrincipale": "1", "infosQualite": {"codeQualite": "S\u00e9nateur", "libQualite": "SENATEUR", "libQualiteSex": "S\u00e9nateur 5\u00e8me R\u00e9publique"}, "organes": {"organeRef": "PO78718"}, "suppleants": null, "chambre": null, "election": {"lieu": {"region": null, "regionType": null, "departement": null, "numDepartement": "14", "numCirco": null}, "causeMandat": null}, "mandature": {"datePriseFonction": null, "causeFin": null, "premiereElection": "0", "placeHemicycle": null, "mandatRemplaceRef": null}, "collaborateurs": null}]}}}