{"acteur": {"@xmlns": "http://schemas.assemblee-nationale.fr/referentiel", "uid": {"@xmlns:xsi": "http://www.w3.org/2001/XMLSchema-instance", "@xsi:type": "IdActeur_type", "#text": "PA795406"}, "etatCivil": {"ident": {"civ": "Mme", "prenom": "Isabelle", "nom": "P\u00e9rigault", "alpha": "Perigault", "trigramme": "IPE"}, "infoNaissance": {"dateNais": "1971-09-04", "villeNais": "Le Raincy", "depNais": "Seine-Saint-Denis", "paysNais": "France"}, "dateDeces": {"@xmlns:xsi": "http://www.w3.org/2001/XMLSchema-instance", "@xsi:nil": "true"}}, "profession": {"libelleCourant": "Directrice administrative", "socProcINSEE": {"catSocPro": "Cadres de la fonction publique, professions intellectuelles et  artistiques", "famSocPro": "Cadres et professions intellectuelles sup\u00e9rieures"}}, "uri_hatvp": "https://www.hatvp.fr/pages_nominatives/perigault-isabelle-14883", "adresses": {"adresse": [{"@xmlns:xsi": "http://www.w3.org/2001/XMLSchema-instance", "@xsi:type": "AdressePostale_Type", "uid": "AD795408", "type": "0", "typeLibelle": "Adresse officielle", "poids": "1", "adresseDeRattachement": null, "intitule": "Assembl\u00e9e nationale,", "numeroRue": "126", "nomRue": "Rue de l'Universit\u00e9,", "complementAdresse": null, "codePostal": "75355", "ville": "Paris 07 SP"}, {"@xmlns:xsi": "http://www.w3.org/2001/XMLSchema-instance", "@xsi:type": "AdresseMail_Type", "uid": "AD798076", "type": "15", "typeLibelle": "M\u00e8l", "poids": null, "adresseDeRattachement": null, "valElec": "isabelle.perigault@assemblee-nationale.fr"}, {"@xmlns:xsi": "http://www.w3.org/2001/XMLSchema-instance", "@xsi:type": "AdresseSiteWeb_Type", "uid": "AD798177", "type": "30", "typeLibelle": "Linkedin", "poids": null, "adresseDeRattachement": null, "valElec": "/in/isabelle-perigault-666735120"}, {"@xmlns:xsi": "http://www.w3.org/2001/XMLSchema-instance", "@xsi:type": "AdresseSiteWeb_Type", "uid": "AD798193", "type": "29", "typeLibelle": "Instagram", "poids": null, "adresseDeRattachement": null, "valElec": "@isabelleperigault"}, {"@xmlns:xsi": "http://www.w3.org/2001/XMLSchema-instance", "@xsi:type": "AdresseSiteWeb_Type", "uid": "AD798205", "type": "24", "typeLibelle": "Twitter", "poids": null, "adresseDeRattachement": null, "valElec": "@IsabellePERIGA2"}, {"@xmlns:xsi": "http://www.w3.org/2001/XMLSchema-instance", "@xsi:type": "AdressePostale_Type", "uid": "AD798215", "type": "2", "typeLibelle": "Adresse publi\u00e9e de circonscription", "poids": "22", "adresseDeRattachement": null, "intitule": null, "numeroRue": "4", "nomRue": "Rue Hugues Le Grand", "complementAdresse": null, "codePostal": "77160", "ville": "Provins"}, {"@xmlns:xsi": "http://www.w3.org/2001/XMLSchema-instance", "@xsi:type": "AdresseTelephonique_Type", "uid": "AD798217", "type": "11", "typeLibelle": "T\u00e9l\u00e9phone", "poids": "22", "adresseDeRattachement": "AD798215", "valElec": "0160677872"}, {"@xmlns:xsi": "http://www.w3.org/2001/XMLSchema-instance", "@xsi:type": "AdresseSiteWeb_Type", "uid": "AD798233", "type": "25", "typeLibelle": "Facebook", "poids": null, "adresseDeRattachement": null, "valElec": "Isabelle.perigault.9"}]}, "mandats": {"mandat": [{"@xmlns:xsi": "http://www.w3.org/2001/XMLSchema-instance", "@xsi:type": "MandatAvecSuppleant_Type", "uid": "PM802226", "acteurRef": "PA795406", "legislature": "16", "typeOrgane": "COMNL", "dateDebut": "2022-07-13", "datePublication": "2022-07-13", "dateFin": null, "preseance": "20", "nominPrincipale": "1", "infosQualite": {"codeQualite": "Membre", "libQualite": "Membre", "libQualiteSex": "Membre"}, "organes": {"organeRef": "PO420375"}, "suppleants": null}, {"@xmlns:xsi": "http://www.w3.org/2001/XMLSchema-instance", "@xsi:type": "MandatSimple_Type", "uid": "PM806873", "acteurRef": "PA795406", "legislature": null, "typeOrgane": "PARPOL", "dateDebut": "2022-12-02", "datePublication": null, "dateFin": null, "preseance": "5", "nominPrincipale": "1", "infosQualite": {"codeQualite": "Membre", "libQualite": "Membre", "libQualiteSex": "Membre"}, "organes": {"organeRef": "PO710396"}}, {"@xmlns:xsi": "http://www.w3.org/2001/XMLSchema-instance", "@xsi:type": "MandatMission_Type", "uid": "PM804897", "acteurRef": "PA795406", "legislature": "16", "typeOrgane": "MISINFO", "dateDebut": "2022-09-28", "datePublication": null, "dateFin": null, "preseance": "10", "nominPrincipale": "1", "infosQualite": {"codeQualite": "Membre", "libQualite": "Membre", "libQualiteSex": "Membre"}, "organes": {"organeRef": "PO804878"}, "libelle": null, "missionSuivanteRef": null, "missionPrecedenteRef": null}, {"@xmlns:xsi": "http://www.w3.org/2001/XMLSchema-instance", "@xsi:type": "MandatSimple_Type", "uid": "PM805750", "acteurRef": "PA795406", "legislature": "16", "typeOrgane": "ORGEXTPARL", "dateDebut": "2022-10-21", "datePublication": "2022-10-22", "dateFin": null, "preseance": "20", "nominPrincipale": "1", "infosQualite": {"codeQualite": "Titulaire", "libQualite": "Membre titulaire", "libQualiteSex": "Membre titulaire"}, "organes": {"organeRef": "PO60266"}}, {"@xmlns:xsi": "http://www.w3.org/2001/XMLSchema-instance", "@xsi:type": "MandatSimple_Type", "uid": "PM801123", "acteurRef": "PA795406", "legislature": "16", "typeOrgane": "GP", "dateDebut": "2022-06-29", "datePublication": "2022-06-29", "dateFin": null, "preseance": "20", "nominPrincipale": "1", "infosQualite": {"codeQualite": "Membre", "libQualite": "Membre du", "libQualiteSex": "Membre du"}, "organes": {"organeRef": "PO800508"}}, {"@xmlns:xsi": "http://www.w3.org/2001/XMLSchema-instance", "@xsi:type": "MandatSimple_Type", "uid": "PM801179", "acteurRef": "PA795406", "legislature": "16", "typeOrgane": "COMPER", "dateDebut": "2022-06-30", "datePublication": "2022-06-30", "dateFin": null, "preseance": "32", "nominPrincipale": "1", "infosQualite": {"codeQualite": "Membre", "libQualite": "Membre", "libQualiteSex": "Membre"}, "organes": {"organeRef": "PO419604"}}, {"@xmlns:xsi": "http://www.w3.org/2001/XMLSchema-instance", "@xsi:type": "MandatSimple_Type", "uid": "PM822258", "acteurRef": "PA795406", "legislature": "16", "typeOrgane": "GE", "dateDebut": "2023-03-16", "datePublication": null, "dateFin": null, "preseance": "20", "nominPrincipale": "1", "infosQualite": {"codeQualite": "Membre", "libQualite": "Membre", "libQualiteSex": "Membre"}, "organes": {"organeRef": "PO807316"}}, {"@xmlns:xsi": "http://www.w3.org/2001/XMLSchema-instance", "@xsi:type": "MandatSimple_Type", "uid": "PM821530", "acteurRef": "PA795406", "legislature": "16", "typeOrgane": "GE", "dateDebut": "2023-03-08", "datePublication": null, "dateFin": null, "preseance": "12", "nominPrincipale": "1", "infosQualite": {"codeQualite": "Secr\u00e9taire", "libQualite": "Secr\u00e9taire", "libQualiteSex": "Secr\u00e9taire"}, "organes": {"organeRef": "PO807141"}}, {"@xmlns:xsi": "http://www.w3.org/2001/XMLSchema-instance", "@xsi:type": "MandatSimple_Type", "uid": "PM819182", "acteurRef": "PA795406", "legislature": "16", "typeOrgane": "GE", "dateDebut": "2023-02-08", "datePublication": null, "dateFin": null, "preseance": "20", "nominPrincipale": "0", "infosQualite": {"codeQualite": "Membre", "libQualite": "Membre", "libQualiteSex": "Membre"}, "organes": {"organeRef": "PO807141"}}, {"@xmlns:xsi": "http://www.w3.org/2001/XMLSchema-instance", "@xsi:type": "MandatSimple_Type", "uid": "PM822534", "acteurRef": "PA795406", "legislature": "16", "typeOrgane": "GE", "dateDebut": "2023-03-30", "datePublication": null, "dateFin": null, "preseance": "20", "nominPrincipale": "1", "infosQualite": {"codeQualite": "Membre", "libQualite": "Membre", "libQualiteSex": "Membre"}, "organes": {"organeRef": "PO808292"}}, {"@xmlns:xsi": "http://www.w3.org/2001/XMLSchema-instance", "@xsi:type": "MandatSimple_Type", "uid": "PM819052", "acteurRef": "PA795406", "legislature": "16", "typeOrgane": "GA", "dateDebut": "2023-02-05", "datePublication": null, "dateFin": null, "preseance": "14", "nominPrincipale": "1", "infosQualite": {"codeQualite": "Secr\u00e9taire", "libQualite": "Secr\u00e9taire", "libQualiteSex": "Secr\u00e9taire"}, "organes": {"organeRef": "PO807785"}}, {"@xmlns:xsi": "http://www.w3.org/2001/XMLSchema-instance", "@xsi:type": "MandatSimple_Type", "uid": "PM809015", "acteurRef": "PA795406", "legislature": "16", "typeOrgane": "GA", "dateDebut": "2022-12-07", "datePublication": null, "dateFin": null, "preseance": "20", "nominPrincipale": "0", "infosQualite": {"codeQualite": "Membre", "libQualite": "Membre", "libQualiteSex": "Membre"}, "organes": {"organeRef": "PO807785"}}, {"@xmlns:xsi": "http://www.w3.org/2001/XMLSchema-instance", "@xsi:type": "MandatSimple_Type", "uid": "PM809017", "acteurRef": "PA795406", "legislature": "16", "typeOrgane": "GA", "dateDebut": "2022-12-07", "datePublication": null, "dateFin": null, "preseance": "20", "nominPrincipale": "0", "infosQualite": {"codeQualite": "Membre", "libQualite": "Membre", "libQualiteSex": "Membre"}, "organes": {"organeRef": "PO807256"}}, {"@xmlns:xsi": "http://www.w3.org/2001/XMLSchema-instance", "@xsi:type": "MandatSimple_Type", "uid": "PM797467", "acteurRef": "PA795406", "legislature": "16", "typeOrgane": "GP", "dateDebut": "2022-06-22", "datePublication": null, "dateFin": "2022-06-28", "preseance": "28", "nominPrincipale": "1", "infosQualite": {"codeQualite": "D\u00e9put\u00e9 non-inscrit", "libQualite": "D\u00e9put\u00e9 non-inscrit", "libQualiteSex": "D\u00e9put\u00e9e non-inscrite"}, "organes": {"organeRef": "PO793087"}}, {"@xmlns:xsi": "http://www.w3.org/2001/XMLSchema-instance", "@xsi:type": "MandatSimple_Type", "uid": "PM821145", "acteurRef": "PA795406", "legislature": "16", "typeOrgane": "GA", "dateDebut": "2023-03-02", "datePublication": null, "dateFin": null, "preseance": "8", "nominPrincipale": "1", "infosQualite": {"codeQualite": "Vice-Pr\u00e9sident", "libQualite": "Vice-Pr\u00e9sident", "libQualiteSex": "Vice-Pr\u00e9sidente"}, "organes": {"organeRef": "PO807256"}}, {"@xmlns:xsi": "http://www.w3.org/2001/XMLSchema-instance", "@xsi:type": "MandatParlementaire_type", "uid": "PM797466", "acteurRef": "PA795406", "legislature": "16", "typeOrgane": "ASSEMBLEE", "dateDebut": "2022-06-19", "datePublication": null, "dateFin": null, "preseance": "50", "nominPrincipale": "1", "infosQualite": {"codeQualite": "membre", "libQualite": "membre", "libQualiteSex": "membre"}, "organes": {"organeRef": "PO791932"}, "suppleants": {"suppleant": {"dateDebut": "2022-06-19", "dateFin": null, "suppleantRef": "PA1695"}}, "chambre": null, "election": {"lieu": {"region": "Ile-de-France", "regionType": "M\u00e9tropolitain", "departement": "Seine-et-Marne", "numDepartement": "77", "numCirco": "4"}, "causeMandat": "\u00e9lections g\u00e9n\u00e9rales", "refCirconscription": "PO792408"}, "mandature": {"datePriseFonction": "2022-06-22", "causeFin": null, "premiereElection": "0", "placeHemicycle": "144", "mandatRemplaceRef": null}, "collaborateurs": {"collaborateur": [{"qualite": "M.", "prenom": "Herv\u00e9", "nom": "Patron", "dateDebut": null, "dateFin": null}, {"qualite": "Mme", "prenom": "Corinne", "nom": "Michel", "dateDebut": null, "dateFin": null}, {"qualite": "M.", "prenom": "Olivier", "nom": "Lavenka", "dateDebut": null, "dateFin": null}, {"qualite": "M.", "prenom": "Arnaud", "nom": "Gabardos", "dateDebut": null, "dateFin": null}]}}]}}}