{"acteur": {"@xmlns": "http://schemas.assemblee-nationale.fr/referentiel", "uid": {"@xmlns:xsi": "http://www.w3.org/2001/XMLSchema-instance", "@xsi:type": "IdActeur_type", "#text": "PA794004"}, "etatCivil": {"ident": {"civ": "Mme", "prenom": "Servane", "nom": "Hugues", "alpha": "Hugues", "trigramme": "SHU"}, "infoNaissance": {"dateNais": "1976-06-28", "villeNais": "Aubenas", "depNais": "Ard\u00e8che", "paysNais": "France"}, "dateDeces": {"@xmlns:xsi": "http://www.w3.org/2001/XMLSchema-instance", "@xsi:nil": "true"}}, "profession": {"libelleCourant": "Professeur des \u00e9coles", "socProcINSEE": {"catSocPro": "Cadres de la fonction publique, professions intellectuelles et  artistiques", "famSocPro": "Cadres et professions intellectuelles sup\u00e9rieures"}}, "uri_hatvp": "https://www.hatvp.fr/pages_nominatives/hugues-servane-24504", "adresses": {"adresse": [{"@xmlns:xsi": "http://www.w3.org/2001/XMLSchema-instance", "@xsi:type": "AdressePostale_Type", "uid": "AD794006", "type": "0", "typeLibelle": "Adresse officielle", "poids": "1", "adresseDeRattachement": null, "intitule": "Assembl\u00e9e nationale,", "numeroRue": "126", "nomRue": "Rue de l'Universit\u00e9,", "complementAdresse": null, "codePostal": "75355", "ville": "Paris 07 SP"}, {"@xmlns:xsi": "http://www.w3.org/2001/XMLSchema-instance", "@xsi:type": "AdresseMail_Type", "uid": "AD802811", "type": "15", "typeLibelle": "M\u00e8l", "poids": null, "adresseDeRattachement": null, "valElec": "servane.hugues@assemblee-nationale.fr"}]}, "mandats": {"mandat": [{"@xmlns:xsi": "http://www.w3.org/2001/XMLSchema-instance", "@xsi:type": "MandatSimple_Type", "uid": "PM804447", "acteurRef": "PA794004", "legislature": "16", "typeOrgane": "DELEG", "dateDebut": "2022-09-23", "datePublication": "2022-09-23", "dateFin": null, "preseance": "20", "nominPrincipale": "1", "infosQualite": {"codeQualite": "Membre", "libQualite": "Membre", "libQualiteSex": "Membre"}, "organes": {"organeRef": "PO804431"}}, {"@xmlns:xsi": "http://www.w3.org/2001/XMLSchema-instance", "@xsi:type": "MandatSimple_Type", "uid": "PM806706", "acteurRef": "PA794004", "legislature": null, "typeOrgane": "PARPOL", "dateDebut": "2022-12-02", "datePublication": null, "dateFin": null, "preseance": "5", "nominPrincipale": "1", "infosQualite": {"codeQualite": "Membre", "libQualite": "Membre", "libQualiteSex": "Membre"}, "organes": {"organeRef": "PO806430"}}, {"@xmlns:xsi": "http://www.w3.org/2001/XMLSchema-instance", "@xsi:type": "MandatMission_Type", "uid": "PM823520", "acteurRef": "PA794004", "legislature": "16", "typeOrgane": "MISINFO", "dateDebut": "2023-05-03", "datePublication": null, "dateFin": null, "preseance": "10", "nominPrincipale": "0", "infosQualite": {"codeQualite": "Membre", "libQualite": "Membre", "libQualiteSex": "Membre"}, "organes": {"organeRef": "PO823492"}, "libelle": null, "missionSuivanteRef": null, "missionPrecedenteRef": null}, {"@xmlns:xsi": "http://www.w3.org/2001/XMLSchema-instance", "@xsi:type": "MandatMission_Type", "uid": "PM823522", "acteurRef": "PA794004", "legislature": "16", "typeOrgane": "MISINFO", "dateDebut": "2023-05-03", "datePublication": null, "dateFin": null, "preseance": "5", "nominPrincipale": "1", "infosQualite": {"codeQualite": "Co-rapporteur", "libQualite": "Co-rapporteur", "libQualiteSex": "Co-rapporteure"}, "organes": {"organeRef": "PO823492"}, "libelle": null, "missionSuivanteRef": null, "missionPrecedenteRef": null}, {"@xmlns:xsi": "http://www.w3.org/2001/XMLSchema-instance", "@xsi:type": "MandatSimple_Type", "uid": "PM802721", "acteurRef": "PA794004", "legislature": "16", "typeOrgane": "GP", "dateDebut": "2022-07-23", "datePublication": "2022-07-24", "dateFin": null, "preseance": "20", "nominPrincipale": "1", "infosQualite": {"codeQualite": "Membre", "libQualite": "Membre du", "libQualiteSex": "Membre du"}, "organes": {"organeRef": "PO800538"}}, {"@xmlns:xsi": "http://www.w3.org/2001/XMLSchema-instance", "@xsi:type": "MandatSimple_Type", "uid": "PM805117", "acteurRef": "PA794004", "legislature": "16", "typeOrgane": "COMPER", "dateDebut": "2022-10-08", "datePublication": "2022-10-08", "dateFin": "2022-10-10", "preseance": "32", "nominPrincipale": "1", "infosQualite": {"codeQualite": "Membre", "libQualite": "Membre", "libQualiteSex": "Membre"}, "organes": {"organeRef": "PO59047"}}, {"@xmlns:xsi": "http://www.w3.org/2001/XMLSchema-instance", "@xsi:type": "MandatSimple_Type", "uid": "PM817311", "acteurRef": "PA794004", "legislature": "16", "typeOrgane": "COMPER", "dateDebut": "2023-01-31", "datePublication": "2023-01-31", "dateFin": null, "preseance": "32", "nominPrincipale": "1", "infosQualite": {"codeQualite": "Membre", "libQualite": "Membre", "libQualiteSex": "Membre"}, "organes": {"organeRef": "PO420120"}}, {"@xmlns:xsi": "http://www.w3.org/2001/XMLSchema-instance", "@xsi:type": "MandatSimple_Type", "uid": "PM817038", "acteurRef": "PA794004", "legislature": "16", "typeOrgane": "COMPER", "dateDebut": "2023-01-28", "datePublication": "2023-01-28", "dateFin": "2023-01-30", "preseance": "32", "nominPrincipale": "1", "infosQualite": {"codeQualite": "Membre", "libQualite": "Membre", "libQualiteSex": "Membre"}, "organes": {"organeRef": "PO59047"}}, {"@xmlns:xsi": "http://www.w3.org/2001/XMLSchema-instance", "@xsi:type": "MandatSimple_Type", "uid": "PM805145", "acteurRef": "PA794004", "legislature": "16", "typeOrgane": "COMPER", "dateDebut": "2022-10-11", "datePublication": "2022-10-11", "dateFin": "2023-01-27", "preseance": "32", "nominPrincipale": "1", "infosQualite": {"codeQualite": "Membre", "libQualite": "Membre", "libQualiteSex": "Membre"}, "organes": {"organeRef": "PO420120"}}, {"@xmlns:xsi": "http://www.w3.org/2001/XMLSchema-instance", "@xsi:type": "MandatSimple_Type", "uid": "PM802698", "acteurRef": "PA794004", "legislature": "16", "typeOrgane": "COMPER", "dateDebut": "2022-07-24", "datePublication": "2022-07-24", "dateFin": "2022-10-07", "preseance": "32", "nominPrincipale": "1", "infosQualite": {"codeQualite": "Membre", "libQualite": "Membre", "libQualiteSex": "Membre"}, "organes": {"organeRef": "PO420120"}}, {"@xmlns:xsi": "http://www.w3.org/2001/XMLSchema-instance", "@xsi:type": "MandatSimple_Type", "uid": "PM820821", "acteurRef": "PA794004", "legislature": "16", "typeOrgane": "GE", "dateDebut": "2023-02-23", "datePublication": null, "dateFin": null, "preseance": "20", "nominPrincipale": "1", "infosQualite": {"codeQualite": "Membre", "libQualite": "Membre", "libQualiteSex": "Membre"}, "organes": {"organeRef": "PO810736"}}, {"@xmlns:xsi": "http://www.w3.org/2001/XMLSchema-instance", "@xsi:type": "MandatSimple_Type", "uid": "PM819080", "acteurRef": "PA794004", "legislature": "16", "typeOrgane": "GE", "dateDebut": "2023-02-07", "datePublication": null, "dateFin": null, "preseance": "20", "nominPrincipale": "1", "infosQualite": {"codeQualite": "Membre", "libQualite": "Membre", "libQualiteSex": "Membre"}, "organes": {"organeRef": "PO807141"}}, {"@xmlns:xsi": "http://www.w3.org/2001/XMLSchema-instance", "@xsi:type": "MandatSimple_Type", "uid": "PM815261", "acteurRef": "PA794004", "legislature": "16", "typeOrgane": "GE", "dateDebut": "2023-01-12", "datePublication": null, "dateFin": null, "preseance": "20", "nominPrincipale": "0", "infosQualite": {"codeQualite": "Membre", "libQualite": "Membre", "libQualiteSex": "Membre"}, "organes": {"organeRef": "PO808292"}}, {"@xmlns:xsi": "http://www.w3.org/2001/XMLSchema-instance", "@xsi:type": "MandatSimple_Type", "uid": "PM810813", "acteurRef": "PA794004", "legislature": "16", "typeOrgane": "GA", "dateDebut": "2022-12-09", "datePublication": null, "dateFin": null, "preseance": "20", "nominPrincipale": "1", "infosQualite": {"codeQualite": "Membre", "libQualite": "Membre", "libQualiteSex": "Membre"}, "organes": {"organeRef": "PO807795"}}, {"@xmlns:xsi": "http://www.w3.org/2001/XMLSchema-instance", "@xsi:type": "MandatSimple_Type", "uid": "PM815263", "acteurRef": "PA794004", "legislature": "16", "typeOrgane": "GE", "dateDebut": "2023-01-12", "datePublication": null, "dateFin": null, "preseance": "4", "nominPrincipale": "1", "infosQualite": {"codeQualite": "Co-Pr\u00e9sident", "libQualite": "Co-Pr\u00e9sident", "libQualiteSex": "Co-Pr\u00e9sidente"}, "organes": {"organeRef": "PO808292"}}, {"@xmlns:xsi": "http://www.w3.org/2001/XMLSchema-instance", "@xsi:type": "MandatParlementaire_type", "uid": "PM802643", "acteurRef": "PA794004", "legislature": "16", "typeOrgane": "ASSEMBLEE", "dateDebut": "2022-06-19", "datePublication": null, "dateFin": null, "preseance": "50", "nominPrincipale": "1", "infosQualite": {"codeQualite": "membre", "libQualite": "membre", "libQualiteSex": "membre"}, "organes": {"organeRef": "PO791932"}, "suppleants": null, "chambre": null, "election": {"lieu": {"region": "Auvergne-Rh\u00f4ne-Alpes", "regionType": "M\u00e9tropolitain", "departement": "Is\u00e8re", "numDepartement": "38", "numCirco": "1"}, "causeMandat": "remplacement d'un d\u00e9put\u00e9 nomm\u00e9 au Gouvernement", "refCirconscription": "PO793072"}, "mandature": {"datePriseFonction": "2022-07-23", "causeFin": null, "premiereElection": "0", "placeHemicycle": "400", "mandatRemplaceRef": null}, "collaborateurs": {"collaborateur": [{"qualite": "M.", "prenom": "Antonin", "nom": "Meiss", "dateDebut": null, "dateFin": null}, {"qualite": "M.", "prenom": "Robin", "nom": "Quiles", "dateDebut": null, "dateFin": null}, {"qualite": "Mme", "prenom": "Marie-Elise", "nom": "Augu\u00e8res", "dateDebut": null, "dateFin": null}, {"qualite": "M.", "prenom": "Lo\u00efck", "nom": "Ferrucci", "dateDebut": null, "dateFin": null}]}}]}}}