{"acteur": {"@xmlns": "http://schemas.assemblee-nationale.fr/referentiel", "uid": {"@xmlns:xsi": "http://www.w3.org/2001/XMLSchema-instance", "@xsi:type": "IdActeur_type", "#text": "PA793616"}, "etatCivil": {"ident": {"civ": "M.", "prenom": "K\u00e9vin", "nom": "Mauvieux", "alpha": "Mauvieux", "trigramme": "KMA"}, "infoNaissance": {"dateNais": "1991-09-09", "villeNais": "Pont-Audemer", "depNais": "Eure", "paysNais": "France"}, "dateDeces": {"@xmlns:xsi": "http://www.w3.org/2001/XMLSchema-instance", "@xsi:nil": "true"}}, "profession": {"libelleCourant": "Conseiller en assurance", "socProcINSEE": {"catSocPro": "Employ\u00e9s de commerce", "famSocPro": "Employ\u00e9s"}}, "uri_hatvp": "https://www.hatvp.fr/pages_nominatives/mauvieux-kevin-24160", "adresses": {"adresse": [{"@xmlns:xsi": "http://www.w3.org/2001/XMLSchema-instance", "@xsi:type": "AdressePostale_Type", "uid": "AD793618", "type": "0", "typeLibelle": "Adresse officielle", "poids": "1", "adresseDeRattachement": null, "intitule": "Assembl\u00e9e nationale,", "numeroRue": "126", "nomRue": "Rue de l'Universit\u00e9,", "complementAdresse": null, "codePostal": "75355", "ville": "Paris 07 SP"}, {"@xmlns:xsi": "http://www.w3.org/2001/XMLSchema-instance", "@xsi:type": "AdresseMail_Type", "uid": "AD797937", "type": "15", "typeLibelle": "M\u00e8l", "poids": null, "adresseDeRattachement": null, "valElec": "kevin.mauvieux@assemblee-nationale.fr"}, {"@xmlns:xsi": "http://www.w3.org/2001/XMLSchema-instance", "@xsi:type": "AdresseSiteWeb_Type", "uid": "AD800045", "type": "25", "typeLibelle": "Facebook", "poids": null, "adresseDeRattachement": null, "valElec": "KevinMauvieuxPagePolitique"}, {"@xmlns:xsi": "http://www.w3.org/2001/XMLSchema-instance", "@xsi:type": "AdresseSiteWeb_Type", "uid": "AD800061", "type": "29", "typeLibelle": "Instagram", "poids": null, "adresseDeRattachement": null, "valElec": "kevin_mauvieux"}, {"@xmlns:xsi": "http://www.w3.org/2001/XMLSchema-instance", "@xsi:type": "AdresseSiteWeb_Type", "uid": "AD800065", "type": "24", "typeLibelle": "Twitter", "poids": null, "adresseDeRattachement": null, "valElec": "@MauvieuxKevin"}]}, "mandats": {"mandat": [{"@xmlns:xsi": "http://www.w3.org/2001/XMLSchema-instance", "@xsi:type": "MandatAvecSuppleant_Type", "uid": "PM802218", "acteurRef": "PA793616", "legislature": "16", "typeOrgane": "COMNL", "dateDebut": "2022-07-13", "datePublication": "2022-07-13", "dateFin": null, "preseance": "20", "nominPrincipale": "1", "infosQualite": {"codeQualite": "Membre", "libQualite": "Membre", "libQualiteSex": "Membre"}, "organes": {"organeRef": "PO420375"}, "suppleants": null}, {"@xmlns:xsi": "http://www.w3.org/2001/XMLSchema-instance", "@xsi:type": "MandatSimple_Type", "uid": "PM806820", "acteurRef": "PA793616", "legislature": null, "typeOrgane": "PARPOL", "dateDebut": "2022-12-02", "datePublication": null, "dateFin": null, "preseance": "5", "nominPrincipale": "1", "infosQualite": {"codeQualite": "Membre", "libQualite": "Membre", "libQualiteSex": "Membre"}, "organes": {"organeRef": "PO761239"}}, {"@xmlns:xsi": "http://www.w3.org/2001/XMLSchema-instance", "@xsi:type": "MandatMission_Type", "uid": "PM810514", "acteurRef": "PA793616", "legislature": "16", "typeOrgane": "MISINFO", "dateDebut": "2022-12-08", "datePublication": null, "dateFin": null, "preseance": "10", "nominPrincipale": "1", "infosQualite": {"codeQualite": "Membre", "libQualite": "Membre", "libQualiteSex": "Membre"}, "organes": {"organeRef": "PO810484"}, "libelle": null, "missionSuivanteRef": null, "missionPrecedenteRef": null}, {"@xmlns:xsi": "http://www.w3.org/2001/XMLSchema-instance", "@xsi:type": "MandatSimple_Type", "uid": "PM803695", "acteurRef": "PA793616", "legislature": "16", "typeOrgane": "API", "dateDebut": "2022-09-07", "datePublication": null, "dateFin": null, "preseance": "40", "nominPrincipale": "0", "infosQualite": {"codeQualite": "Membre", "libQualite": "Membre", "libQualiteSex": "Membre"}, "organes": {"organeRef": "PO206064"}}, {"@xmlns:xsi": "http://www.w3.org/2001/XMLSchema-instance", "@xsi:type": "MandatSimple_Type", "uid": "PM800874", "acteurRef": "PA793616", "legislature": "16", "typeOrgane": "GP", "dateDebut": "2022-06-29", "datePublication": "2022-06-29", "dateFin": null, "preseance": "20", "nominPrincipale": "1", "infosQualite": {"codeQualite": "Membre", "libQualite": "Membre du", "libQualiteSex": "Membre du"}, "organes": {"organeRef": "PO800520"}}, {"@xmlns:xsi": "http://www.w3.org/2001/XMLSchema-instance", "@xsi:type": "MandatSimple_Type", "uid": "PM801593", "acteurRef": "PA793616", "legislature": "16", "typeOrgane": "COMPER", "dateDebut": "2022-06-30", "datePublication": "2022-06-30", "dateFin": null, "preseance": "32", "nominPrincipale": "1", "infosQualite": {"codeQualite": "Membre", "libQualite": "Membre", "libQualiteSex": "Membre"}, "organes": {"organeRef": "PO59048"}}, {"@xmlns:xsi": "http://www.w3.org/2001/XMLSchema-instance", "@xsi:type": "MandatSimple_Type", "uid": "PM809239", "acteurRef": "PA793616", "legislature": "16", "typeOrgane": "CMP", "dateDebut": "2022-12-07", "datePublication": "2022-12-08", "dateFin": null, "preseance": "20", "nominPrincipale": "1", "infosQualite": {"codeQualite": "Titulaire", "libQualite": "Membre titulaire", "libQualiteSex": "Membre titulaire"}, "organes": {"organeRef": "PO806319"}}, {"@xmlns:xsi": "http://www.w3.org/2001/XMLSchema-instance", "@xsi:type": "MandatSimple_Type", "uid": "PM805125", "acteurRef": "PA793616", "legislature": "16", "typeOrgane": "API", "dateDebut": "2022-10-10", "datePublication": null, "dateFin": null, "preseance": "4", "nominPrincipale": "1", "infosQualite": {"codeQualite": "Vice-Pr\u00e9sident", "libQualite": "Vice-Pr\u00e9sident", "libQualiteSex": "Vice-Pr\u00e9sident"}, "organes": {"organeRef": "PO206064"}}, {"@xmlns:xsi": "http://www.w3.org/2001/XMLSchema-instance", "@xsi:type": "MandatSimple_Type", "uid": "PM818198", "acteurRef": "PA793616", "legislature": "16", "typeOrgane": "GE", "dateDebut": "2023-02-02", "datePublication": null, "dateFin": null, "preseance": "20", "nominPrincipale": "1", "infosQualite": {"codeQualite": "Membre", "libQualite": "Membre", "libQualiteSex": "Membre"}, "organes": {"organeRef": "PO810741"}}, {"@xmlns:xsi": "http://www.w3.org/2001/XMLSchema-instance", "@xsi:type": "MandatSimple_Type", "uid": "PM819108", "acteurRef": "PA793616", "legislature": "16", "typeOrgane": "GE", "dateDebut": "2023-02-08", "datePublication": null, "dateFin": null, "preseance": "20", "nominPrincipale": "0", "infosQualite": {"codeQualite": "Membre", "libQualite": "Membre", "libQualiteSex": "Membre"}, "organes": {"organeRef": "PO810756"}}, {"@xmlns:xsi": "http://www.w3.org/2001/XMLSchema-instance", "@xsi:type": "MandatSimple_Type", "uid": "PM817227", "acteurRef": "PA793616", "legislature": "16", "typeOrgane": "GE", "dateDebut": "2023-01-30", "datePublication": null, "dateFin": null, "preseance": "20", "nominPrincipale": "1", "infosQualite": {"codeQualite": "Membre", "libQualite": "Membre", "libQualiteSex": "Membre"}, "organes": {"organeRef": "PO807501"}}, {"@xmlns:xsi": "http://www.w3.org/2001/XMLSchema-instance", "@xsi:type": "MandatSimple_Type", "uid": "PM820213", "acteurRef": "PA793616", "legislature": "16", "typeOrgane": "GE", "dateDebut": "2023-02-14", "datePublication": null, "dateFin": null, "preseance": "12", "nominPrincipale": "1", "infosQualite": {"codeQualite": "Secr\u00e9taire", "libQualite": "Secr\u00e9taire", "libQualiteSex": "Secr\u00e9taire"}, "organes": {"organeRef": "PO810756"}}, {"@xmlns:xsi": "http://www.w3.org/2001/XMLSchema-instance", "@xsi:type": "MandatSimple_Type", "uid": "PM819126", "acteurRef": "PA793616", "legislature": "16", "typeOrgane": "GE", "dateDebut": "2023-02-06", "datePublication": null, "dateFin": null, "preseance": "20", "nominPrincipale": "1", "infosQualite": {"codeQualite": "Membre", "libQualite": "Membre", "libQualiteSex": "Membre"}, "organes": {"organeRef": "PO810643"}}, {"@xmlns:xsi": "http://www.w3.org/2001/XMLSchema-instance", "@xsi:type": "MandatSimple_Type", "uid": "PM816937", "acteurRef": "PA793616", "legislature": "16", "typeOrgane": "GE", "dateDebut": "2023-01-26", "datePublication": null, "dateFin": null, "preseance": "20", "nominPrincipale": "1", "infosQualite": {"codeQualite": "Membre", "libQualite": "Membre", "libQualiteSex": "Membre"}, "organes": {"organeRef": "PO810709"}}, {"@xmlns:xsi": "http://www.w3.org/2001/XMLSchema-instance", "@xsi:type": "MandatSimple_Type", "uid": "PM817601", "acteurRef": "PA793616", "legislature": "16", "typeOrgane": "GE", "dateDebut": "2023-01-30", "datePublication": null, "dateFin": null, "preseance": "20", "nominPrincipale": "1", "infosQualite": {"codeQualite": "Membre", "libQualite": "Membre", "libQualiteSex": "Membre"}, "organes": {"organeRef": "PO810726"}}, {"@xmlns:xsi": "http://www.w3.org/2001/XMLSchema-instance", "@xsi:type": "MandatSimple_Type", "uid": "PM818592", "acteurRef": "PA793616", "legislature": "16", "typeOrgane": "GE", "dateDebut": "2023-02-06", "datePublication": null, "dateFin": null, "preseance": "20", "nominPrincipale": "1", "infosQualite": {"codeQualite": "Membre", "libQualite": "Membre", "libQualiteSex": "Membre"}, "organes": {"organeRef": "PO807101"}}, {"@xmlns:xsi": "http://www.w3.org/2001/XMLSchema-instance", "@xsi:type": "MandatSimple_Type", "uid": "PM821427", "acteurRef": "PA793616", "legislature": "16", "typeOrgane": "GE", "dateDebut": "2023-03-07", "datePublication": null, "dateFin": null, "preseance": "20", "nominPrincipale": "0", "infosQualite": {"codeQualite": "Membre", "libQualite": "Membre", "libQualiteSex": "Membre"}, "organes": {"organeRef": "PO807341"}}, {"@xmlns:xsi": "http://www.w3.org/2001/XMLSchema-instance", "@xsi:type": "MandatSimple_Type", "uid": "PM818280", "acteurRef": "PA793616", "legislature": "16", "typeOrgane": "GE", "dateDebut": "2023-02-03", "datePublication": null, "dateFin": null, "preseance": "20", "nominPrincipale": "1", "infosQualite": {"codeQualite": "Membre", "libQualite": "Membre", "libQualiteSex": "Membre"}, "organes": {"organeRef": "PO810688"}}, {"@xmlns:xsi": "http://www.w3.org/2001/XMLSchema-instance", "@xsi:type": "MandatSimple_Type", "uid": "PM821297", "acteurRef": "PA793616", "legislature": "16", "typeOrgane": "GE", "dateDebut": "2023-03-03", "datePublication": null, "dateFin": null, "preseance": "20", "nominPrincipale": "0", "infosQualite": {"codeQualite": "Membre", "libQualite": "Membre", "libQualiteSex": "Membre"}, "organes": {"organeRef": "PO810721"}}, {"@xmlns:xsi": "http://www.w3.org/2001/XMLSchema-instance", "@xsi:type": "MandatSimple_Type", "uid": "PM796438", "acteurRef": "PA793616", "legislature": "16", "typeOrgane": "GP", "dateDebut": "2022-06-22", "datePublication": null, "dateFin": "2022-06-28", "preseance": "28", "nominPrincipale": "1", "infosQualite": {"codeQualite": "D\u00e9put\u00e9 non-inscrit", "libQualite": "D\u00e9put\u00e9 non-inscrit", "libQualiteSex": "D\u00e9put\u00e9 non-inscrit"}, "organes": {"organeRef": "PO793087"}}, {"@xmlns:xsi": "http://www.w3.org/2001/XMLSchema-instance", "@xsi:type": "MandatSimple_Type", "uid": "PM818575", "acteurRef": "PA793616", "legislature": "16", "typeOrgane": "GA", "dateDebut": "2023-02-06", "datePublication": null, "dateFin": null, "preseance": "14", "nominPrincipale": "1", "infosQualite": {"codeQualite": "Secr\u00e9taire", "libQualite": "Secr\u00e9taire", "libQualiteSex": "Secr\u00e9taire"}, "organes": {"organeRef": "PO807391"}}, {"@xmlns:xsi": "http://www.w3.org/2001/XMLSchema-instance", "@xsi:type": "MandatSimple_Type", "uid": "PM813313", "acteurRef": "PA793616", "legislature": "16", "typeOrgane": "GA", "dateDebut": "2022-12-15", "datePublication": null, "dateFin": null, "preseance": "20", "nominPrincipale": "1", "infosQualite": {"codeQualite": "Membre", "libQualite": "Membre", "libQualiteSex": "Membre"}, "organes": {"organeRef": "PO807256"}}, {"@xmlns:xsi": "http://www.w3.org/2001/XMLSchema-instance", "@xsi:type": "MandatSimple_Type", "uid": "PM813315", "acteurRef": "PA793616", "legislature": "16", "typeOrgane": "GA", "dateDebut": "2022-12-15", "datePublication": null, "dateFin": null, "preseance": "20", "nominPrincipale": "1", "infosQualite": {"codeQualite": "Membre", "libQualite": "Membre", "libQualiteSex": "Membre"}, "organes": {"organeRef": "PO807931"}}, {"@xmlns:xsi": "http://www.w3.org/2001/XMLSchema-instance", "@xsi:type": "MandatSimple_Type", "uid": "PM813312", "acteurRef": "PA793616", "legislature": "16", "typeOrgane": "GA", "dateDebut": "2022-12-15", "datePublication": null, "dateFin": null, "preseance": "20", "nominPrincipale": "0", "infosQualite": {"codeQualite": "Membre", "libQualite": "Membre", "libQualiteSex": "Membre"}, "organes": {"organeRef": "PO807391"}}, {"@xmlns:xsi": "http://www.w3.org/2001/XMLSchema-instance", "@xsi:type": "MandatSimple_Type", "uid": "PM813316", "acteurRef": "PA793616", "legislature": "16", "typeOrgane": "GA", "dateDebut": "2022-12-15", "datePublication": null, "dateFin": null, "preseance": "20", "nominPrincipale": "0", "infosQualite": {"codeQualite": "Membre", "libQualite": "Membre", "libQualiteSex": "Membre"}, "organes": {"organeRef": "PO807066"}}, {"@xmlns:xsi": "http://www.w3.org/2001/XMLSchema-instance", "@xsi:type": "MandatSimple_Type", "uid": "PM818157", "acteurRef": "PA793616", "legislature": "16", "typeOrgane": "CMP", "dateDebut": "2023-02-02", "datePublication": "2023-02-03", "dateFin": "2023-02-28", "preseance": "28", "nominPrincipale": "1", "infosQualite": {"codeQualite": "Suppl\u00e9ant", "libQualite": "Membre suppl\u00e9ant", "libQualiteSex": "Membre suppl\u00e9ant"}, "organes": {"organeRef": "PO816676"}}, {"@xmlns:xsi": "http://www.w3.org/2001/XMLSchema-instance", "@xsi:type": "MandatSimple_Type", "uid": "PM806100", "acteurRef": "PA793616", "legislature": "16", "typeOrgane": "CMP", "dateDebut": "2022-11-17", "datePublication": "2022-11-19", "dateFin": "2022-11-25", "preseance": "28", "nominPrincipale": "1", "infosQualite": {"codeQualite": "Suppl\u00e9ant", "libQualite": "Membre suppl\u00e9ant", "libQualiteSex": "Membre suppl\u00e9ant"}, "organes": {"organeRef": "PO806027"}}, {"@xmlns:xsi": "http://www.w3.org/2001/XMLSchema-instance", "@xsi:type": "MandatSimple_Type", "uid": "PM821922", "acteurRef": "PA793616", "legislature": "16", "typeOrgane": "GE", "dateDebut": "2023-03-14", "datePublication": null, "dateFin": null, "preseance": "8", "nominPrincipale": "1", "infosQualite": {"codeQualite": "Vice-Pr\u00e9sident", "libQualite": "Vice-Pr\u00e9sident", "libQualiteSex": "Vice-Pr\u00e9sident"}, "organes": {"organeRef": "PO810721"}}, {"@xmlns:xsi": "http://www.w3.org/2001/XMLSchema-instance", "@xsi:type": "MandatSimple_Type", "uid": "PM822495", "acteurRef": "PA793616", "legislature": "16", "typeOrgane": "GE", "dateDebut": "2023-03-29", "datePublication": null, "dateFin": null, "preseance": "8", "nominPrincipale": "1", "infosQualite": {"codeQualite": "Vice-Pr\u00e9sident", "libQualite": "Vice-Pr\u00e9sident", "libQualiteSex": "Vice-Pr\u00e9sident"}, "organes": {"organeRef": "PO807341"}}, {"@xmlns:xsi": "http://www.w3.org/2001/XMLSchema-instance", "@xsi:type": "MandatParlementaire_type", "uid": "PM796437", "acteurRef": "PA793616", "legislature": "16", "typeOrgane": "ASSEMBLEE", "dateDebut": "2022-06-19", "datePublication": null, "dateFin": null, "preseance": "50", "nominPrincipale": "1", "infosQualite": {"codeQualite": "membre", "libQualite": "membre", "libQualiteSex": "membre"}, "organes": {"organeRef": "PO791932"}, "suppleants": {"suppleant": {"dateDebut": "2022-06-19", "dateFin": null, "suppleantRef": "PA793620"}}, "chambre": null, "election": {"lieu": {"region": "Normandie", "regionType": "M\u00e9tropolitain", "departement": "Eure", "numDepartement": "27", "numCirco": "3"}, "causeMandat": "\u00e9lections g\u00e9n\u00e9rales", "refCirconscription": "PO792968"}, "mandature": {"datePriseFonction": "2022-06-22", "causeFin": null, "premiereElection": "0", "placeHemicycle": "047", "mandatRemplaceRef": null}, "collaborateurs": {"collaborateur": [{"qualite": "Mme", "prenom": "Annabelle", "nom": "Arson", "dateDebut": null, "dateFin": null}, {"qualite": "M.", "prenom": "Mathieu", "nom": "Crenner", "dateDebut": null, "dateFin": null}]}}, {"@xmlns:xsi": "http://www.w3.org/2001/XMLSchema-instance", "@xsi:type": "MandatSimple_Type", "uid": "PM814434", "acteurRef": "PA793616", "legislature": "16", "typeOrgane": "GA", "dateDebut": "2022-12-22", "datePublication": null, "dateFin": null, "preseance": "8", "nominPrincipale": "1", "infosQualite": {"codeQualite": "Vice-Pr\u00e9sident", "libQualite": "Vice-Pr\u00e9sident", "libQualiteSex": "Vice-Pr\u00e9sident"}, "organes": {"organeRef": "PO807066"}}]}}}